id,country,gender,year,15-24,25-34,35-49,higher_educ,no_educ,primary_educ,secondary_educ,employed_cash,employed_kind,unemployed,married_livetogether,never_married,widow_divorce_separate,rural,urban
1,Afghanistan,F,01/01/2015,17.3,18.2,18.8,10.1,19.1,13.8,13.7,20.8,17.0,18.0,18.3,,13.8,18.1,18.3
1,Afghanistan,M,01/01/2015,9.4,8.2,8.6,4.5,10.6,6.3,7.1,8.4,10.7,5.2,8.5,,6.3,9.7,4.6
1,Albania,F,01/01/2017,0.6,0.8,1.0,0.2,5.8,1.3,0.6,0.6,2.4,0.8,0.9,0.6,0.6,1.4,0.4
1,Albania,M,01/01/2017,0.9,0.2,0.4,0.8,0.0,0.8,0.2,0.3,0.5,0.8,0.6,0.4,1.6,0.5,0.5
1,Angola,F,01/01/2015,10.6,10.0,11.0,0.9,17.3,13.4,5.3,9.9,14.3,8.8,10.8,9.8,12.2,19.0,6.9
1,Angola,M,01/01/2015,7.7,5.3,3.7,0.7,10.8,8.1,5.0,5.5,7.9,6.1,4.4,7.3,9.3,8.9,4.9
1,Armenia,F,01/01/2015,0.3,0.4,0.4,0.0,,0.1,0.9,0.6,0.3,0.2,0.4,0.3,0.3,0.8,0.1
1,Armenia,M,01/01/2015,0.7,0.7,0.7,0.6,,1.0,0.6,0.6,1.0,0.7,0.4,1.0,0.0,0.7,0.7
1,Azerbaijan,F,01/01/2006,10.7,12.8,12.9,1.5,33.0,25.5,13.3,9.1,21.9,12.6,13.6,9.9,8.9,20.3,5.8
1,Azerbaijan,M,01/01/2006,9.4,5.5,6.0,3.5,,,7.8,6.6,3.7,8.6,5.6,9.3,3.8,11.8,3.3
1,Bangladesh,F,01/01/2014,3.6,4.1,5.2,0.8,6.8,5.4,2.7,4.7,5.3,4.1,4.2,,6.7,4.9,2.8
1,Benin,F,01/01/2017,13.2,13.4,15.5,1.0,16.5,13.0,9.5,14.6,14.4,11.7,14.6,11.8,15.1,15.9,11.2
1,Benin,M,01/01/2017,8.3,6.5,5.3,1.1,10.7,6.3,4.3,6.6,11.0,4.4,5.9,8.0,7.0,9.2,3.7
1,Bolivia,F,01/01/2008,3.4,2.6,3.8,0.6,7.3,4.4,2.8,3.2,4.9,2.6,3.5,2.9,2.9,5.4,2.2
1,Burkina Faso,F,01/01/2010,9.2,9.4,11.0,1.4,11.2,8.1,3.1,10.0,8.5,12.1,10.4,7.4,8.3,11.2,5.9
1,Burkina Faso,M,01/01/2010,9.4,6.5,6.1,5.7,7.6,8.3,6.3,6.1,9.2,5.5,6.4,9.0,9.3,8.0,6.2
1,Burundi,F,01/01/2016,24.3,20.5,20.4,1.1,25.3,23.9,14.8,22.6,23.9,14.5,20.6,22.2,30.4,23.6,11.1
1,Burundi,M,01/01/2016,7.2,3.3,3.5,0.0,5.6,5.9,3.5,3.8,6.5,5.5,3.6,6.7,5.6,5.4,2.4
1,Cambodia,F,01/01/2014,9.4,10.1,15.8,1.1,17.6,14.4,7.5,11.8,11.9,11.4,12.4,9.3,13.9,12.9,6.5
1,Cambodia,M,01/01/2014,2.1,1.0,2.4,0.0,0.7,2.2,2.0,1.8,1.9,2.1,1.7,2.0,4.0,2.0,1.0
1,Cameroon,F,01/01/2011,14.4,12.0,14.1,0.9,20.9,15.9,9.8,13.9,15.3,12.5,14.8,11.3,12.5,19.5,8.6
1,Cameroon,M,01/01/2011,11.4,7.5,6.7,2.4,9.5,11.8,8.3,9.4,8.2,6.6,8.3,9.5,10.7,12.9,5.9
1,Chad,F,01/01/2014,47.7,50.5,47.4,24.4,45.4,56.2,51.9,56.7,49.4,42.3,50.5,40.9,45.9,49.4,45.9
1,Chad,M,01/01/2014,29.3,28.6,24.0,12.4,24.7,31.9,28.8,25.6,31.5,24.3,26.0,28.8,38.7,30.0,21.6
1,Colombia,F,01/01/2015,1.2,0.8,1.4,0.8,1.8,1.7,1.2,1.1,1.9,1.3,1.1,1.2,1.3,1.5,1.1
1,Colombia,M,01/01/2015,1.4,1.1,1.0,0.7,2.8,1.9,1.1,1.1,1.4,1.7,1.1,1.3,1.2,2.0,0.9
1,Comoros,F,01/01/2012,15.1,11.6,10.0,6.7,15.3,13.7,11.6,11.1,18.3,12.1,12.2,14.0,11.1,15.5,7.1
1,Comoros,M,01/01/2012,4.8,2.9,0.9,0.8,4.9,3.8,2.5,2.7,5.5,1.8,2.2,4.1,3.6,3.5,2.3
1,Congo Democratic Republic,F,01/01/2013,25.9,23.9,22.5,6.1,24.1,28.5,22.5,25.7,21.2,22.9,24.7,23.5,24.5,26.6,20.8
1,Congo Democratic Republic,M,01/01/2013,19.8,13.2,10.7,3.3,15.6,17.2,16.0,14.2,12.3,19.9,12.3,18.8,14.8,17.2,11.7
1,Cote d'Ivoire,F,01/01/2011,16.0,16.4,16.9,2.3,18.7,17.9,9.8,16.4,17.3,15.7,18.4,12.1,15.9,20.1,12.8
1,Cote d'Ivoire,M,01/01/2011,17.7,11.2,7.7,5.0,13.3,14.5,11.8,11.5,13.9,16.4,9.7,16.1,7.3,12.3,12.8
1,Dominican Republic,F,01/01/2013,0.7,0.4,0.7,0.0,1.9,1.3,0.5,0.5,0.7,0.8,0.5,0.6,0.9,0.7,0.6
1,Dominican Republic,M,01/01/2013,1.4,0.7,0.5,0.0,3.1,1.5,0.6,,,0.9,0.6,1.2,1.1,1.2,0.8
1,Egypt,F,01/01/2014,7.3,6.5,7.3,1.1,13.1,10.9,4.9,4.4,20.8,7.1,6.9,,8.1,9.0,3.2
1,Eritrea,F,01/01/2002,29.3,27.4,30.7,5.1,33.8,31.0,15.7,27.2,46.1,28.2,30.9,23.9,29.8,34.4,22.2
1,Eswatini,F,01/01/2006,3.7,2.4,2.0,0.2,5.3,5.2,1.4,1.9,5.4,3.6,2.6,3.0,3.2,3.3,1.8
1,Eswatini,M,01/01/2006,6.1,1.5,2.7,1.0,4.1,6.8,2.8,2.5,6.6,5.7,1.9,5.3,3.0,5.1,1.8
1,Ethiopia,F,01/01/2016,36.4,40.6,43.5,6.4,49.3,39.4,17.7,30.2,47.9,40.0,43.8,30.5,37.1,46.4,16.3
1,Ethiopia,M,01/01/2016,13.1,10.3,11.2,3.2,16.7,12.3,5.3,7.7,14.3,6.7,11.5,11.4,19.8,13.6,3.8
1,Gabon,F,01/01/2012,10.6,9.8,11.7,2.2,15.9,16.6,9.6,10.4,12.0,10.6,10.4,9.9,14.5,19.1,9.5
1,Gabon,M,01/01/2012,8.5,6.6,5.2,3.5,9.9,6.9,7.2,6.5,5.0,8.2,6.2,7.5,5.6,6.9,6.8
1,Gambia,F,01/01/2013,12.0,9.1,10.0,1.9,13.4,13.7,7.0,12.5,12.1,8.8,11.5,9.4,5.2,18.0,4.8
1,Gambia,M,01/01/2013,9.1,4.3,3.1,2.3,4.7,10.2,7.0,4.3,10.7,9.7,3.5,8.1,3.9,9.7,4.2
1,Ghana,F,01/01/2014,8.9,6.8,6.5,1.1,15.4,9.7,4.7,6.3,10.2,8.3,8.2,6.7,5.3,10.8,4.5
1,Ghana,M,01/01/2014,5.2,1.7,1.3,0.9,4.0,4.1,2.8,2.6,5.2,2.7,1.7,4.2,0.6,3.9,2.0
1,Guatemala,F,01/01/2014,4.4,3.4,4.7,0.1,8.3,5.7,1.1,3.2,7.0,4.9,4.2,4.2,4.3,6.1,1.8
1,Guatemala,M,01/01/2014,2.3,0.5,0.5,0.3,0.9,1.8,1.0,1.2,1.3,1.8,0.5,2.3,1.6,1.4,1.1
1,Guinea,F,01/01/2018,22.0,24.1,25.1,8.2,26.3,23.3,15.8,22.5,25.5,22.7,25.8,17.6,22.0,28.2,15.9
1,Guinea,M,01/01/2018,20.7,13.9,14.6,9.2,19.7,22.0,13.0,16.6,15.7,20.7,14.0,19.8,18.8,19.2,13.9
1,Guyana,F,01/01/2009,3.3,3.8,3.5,0.0,5.6,6.4,3.1,2.1,5.5,4.3,4.1,2.8,2.0,4.4,1.3
1,Guyana,M,01/01/2009,4.7,3.1,3.6,0.1,3.7,7.2,3.3,3.8,3.2,4.4,3.0,4.8,4.5,4.4,2.3
1,Haiti,F,01/01/2016,5.5,2.7,3.1,0.1,4.7,6.2,2.9,3.2,6.0,4.9,3.1,5.1,3.3,4.9,2.8
1,Haiti,M,01/01/2016,2.6,1.3,0.9,0.2,1.7,2.6,1.6,1.4,1.0,2.9,1.0,2.3,1.3,1.9,1.6
1,Honduras,F,01/01/2011,4.5,3.9,4.2,0.4,10.8,6.5,1.4,3.6,6.3,4.8,4.1,4.4,4.4,6.6,2.3
1,Honduras,M,01/01/2011,4.6,2.7,1.4,0.5,3.7,4.3,1.5,2.9,6.5,1.2,1.5,5.0,4.4,4.2,1.8
1,India,F,01/01/2015,17.5,18.8,21.1,11.4,25.6,21.1,17.3,21.4,25.8,17.8,20.0,15.8,22.4,21.4,15.2
1,India,M,01/01/2015,11.2,10.2,9.2,7.4,14.1,11.7,9.9,9.9,14.1,9.9,9.7,11.0,11.4,11.1,8.7
1,Indonesia,F,01/01/2012,3.1,2.1,2.5,0.7,3.8,3.9,2.0,2.2,4.0,2.4,2.5,2.7,3.3,4.0,1.2
1,Indonesia,M,01/01/2012,0.8,0.8,0.9,0.1,2.6,1.4,0.6,0.8,1.4,0.0,0.8,,,1.1,0.6
1,Jordan,F,01/01/2017,1.8,2.7,2.3,1.9,7.8,4.3,2.2,,2.1,2.4,2.5,,1.4,2.7,2.3
1,Jordan,M,01/01/2017,12.0,6.8,4.8,8.0,18.7,2.7,8.9,,5.3,12.2,4.7,10.9,8.0,14.3,7.6
1,Kenya,F,01/01/2014,7.0,6.4,7.9,0.8,16.0,8.8,4.4,5.9,10.1,7.6,7.2,6.4,7.9,9.5,3.5
1,Kenya,M,01/01/2014,5.2,4.6,3.6,1.9,15.5,5.2,3.8,4.1,6.3,5.4,3.9,5.4,3.4,5.1,3.8
1,Kyrgyz Republic,F,01/01/2012,4.4,7.6,7.3,4.1,,3.9,8.0,4.5,6.4,7.0,8.1,2.4,5.1,7.9,3.5
1,Kyrgyz Republic,M,01/01/2012,6.7,4.3,3.7,3.2,,,5.9,4.2,0.6,8.7,2.6,7.6,14.3,4.7,5.3
1,Lesotho,F,01/01/2014,8.5,4.7,4.9,0.5,9.9,10.0,4.5,3.9,8.8,7.8,6.0,8.3,2.8,8.1,3.2
1,Lesotho,M,01/01/2014,8.5,3.9,5.2,1.7,8.9,8.2,4.7,4.2,8.2,8.8,5.2,7.2,5.8,7.8,3.6
1,Liberia,F,01/01/2013,7.8,7.4,6.8,0.1,8.6,8.4,6.2,6.8,7.4,8.0,7.6,7.6,5.8,9.5,6.1
1,Liberia,M,01/01/2013,4.1,2.5,1.0,0.0,1.9,3.9,2.5,1.4,4.6,4.1,1.5,4.0,3.2,3.5,2.0
1,Madagascar,F,01/01/2008,8.4,6.6,6.4,1.9,7.3,7.8,6.8,6.6,8.4,6.8,7.1,7.7,7.7,7.2,7.4
1,Madagascar,M,01/01/2008,7.1,6.6,5.2,0.4,8.1,6.8,5.4,5.1,8.5,5.8,5.8,7.5,7.4,6.7,4.9
1,Malawi,F,01/01/2015,6.6,4.6,5.0,0.8,6.1,6.5,3.3,5.2,5.4,6.0,5.2,6.6,5.5,6.2,2.6
1,Malawi,M,01/01/2015,3.5,1.5,1.0,0.7,2.2,3.2,0.9,1.9,2.3,3.9,1.3,3.6,2.5,2.6,0.9
1,Mali,F,01/01/2018,22.2,22.9,22.8,3.9,24.7,25.3,15.8,22.0,31.6,19.6,23.8,17.3,18.7,26.1,12.9
1,Mali,M,01/01/2018,13.3,9.0,11.2,2.6,13.0,10.7,10.5,9.0,15.9,4.9,10.3,13.0,11.8,13.7,5.0
1,Moldova,F,01/01/2005,4.2,4.2,4.4,1.3,,17.3,4.9,3.8,6.1,4.5,4.6,3.3,4.7,6.0,1.9
1,Moldova,M,01/01/2005,3.5,1.6,2.5,1.1,,,2.9,2.8,3.2,2.4,2.0,3.0,9.7,2.9,2.3
1,Morocco,F,01/01/2003,23.0,22.9,24.9,1.1,36.4,19.5,6.0,16.0,46.4,24.0,25.7,20.4,28.9,40.8,12.4
1,Mozambique,F,01/01/2015,2.4,2.4,2.4,0.4,2.5,2.5,2.2,2.2,3.6,2.1,2.2,2.2,3.2,2.7,1.8
1,Mozambique,M,01/01/2015,6.6,5.0,4.3,0.0,10.6,6.5,2.8,5.5,5.6,5.4,5.4,5.6,6.3,5.8,4.9
1,Myanmar,F,01/01/2015,11.1,12.7,13.9,3.1,16.0,16.3,10.3,13.2,15.4,11.1,13.2,11.7,13.7,14.2,9.1
1,Myanmar,M,01/01/2015,9.8,6.7,7.7,3.5,6.8,9.8,7.8,7.9,10.1,7.6,6.8,9.8,13.1,8.3,7.3
1,Namibia,F,01/01/2013,9.3,10.9,10.1,1.4,20.3,16.6,8.7,6.5,18.9,12.1,12.0,8.6,12.7,15.8,5.6
1,Namibia,M,01/01/2013,6.1,3.6,3.4,1.0,7.4,7.7,3.6,4.1,10.2,5.1,2.1,5.5,7.0,7.2,2.7
1,Nepal,F,01/01/2016,2.9,3.3,4.0,1.1,5.6,4.1,1.9,3.8,2.7,3.8,3.5,2.8,5.8,4.6,2.7
1,Nepal,M,01/01/2016,2.2,0.9,1.4,0.2,3.9,1.8,1.6,1.5,1.9,1.5,1.1,2.5,0.0,1.7,1.5
1,Nicaragua,F,01/01/2001,3.7,5.3,5.0,0.7,10.2,6.3,1.4,3.5,4.9,5.3,6.3,0.0,5.3,7.9,2.6
1,Niger,F,01/01/2012,32.3,37.0,34.2,3.8,36.0,34.8,21.6,34.4,43.5,34.3,36.0,23.0,25.5,38.5,17.7
1,Niger,M,01/01/2012,12.8,7.8,6.9,4.7,8.2,12.7,8.7,6.8,12.3,8.2,6.9,13.1,14.9,9.2,8.8
1,Nigeria,F,01/01/2013,14.0,15.0,13.7,4.4,20.2,15.7,9.7,13.7,20.8,13.9,15.8,9.2,15.0,18.9,7.8
1,Nigeria,M,01/01/2013,9.3,7.5,6.5,3.1,11.6,9.0,7.1,7.5,15.5,5.8,7.4,8.3,9.3,10.1,5.0
1,Pakistan,F,01/01/2017,20.1,17.8,17.9,4.3,27.1,16.7,7.9,22.8,29.9,17.0,18.3,,19.6,24.0,8.7
1,Pakistan,M,01/01/2017,6.9,4.4,3.4,1.9,5.5,5.4,3.5,4.2,2.4,0.1,4.0,,9.1,5.2,2.5
1,Peru,F,01/01/2012,1.2,0.8,1.1,0.9,1.9,1.6,0.9,0.9,2.2,0.9,0.9,1.3,1.4,1.7,0.9
1,Philippines,F,01/01/2017,1.7,1.0,1.1,0.7,1.8,2.4,1.5,1.1,1.8,1.5,1.1,1.7,1.2,1.5,1.1
1,Rwanda,F,01/01/2014,9.9,8.2,8.3,0.9,11.0,9.7,6.1,8.5,10.7,6.6,7.2,10.0,13.1,10.1,3.9
1,Rwanda,M,01/01/2014,2.6,1.0,1.1,0.0,1.2,1.7,2.2,1.6,1.8,2.1,1.0,2.3,3.2,1.7,1.4
1,Sao Tome and Principe,F,01/01/2008,8.0,6.0,4.6,,10.5,6.5,5.6,5.5,10.9,7.3,6.3,8.0,3.5,6.3,6.5
1,Sao Tome and Principe,M,01/01/2008,7.4,5.4,6.1,10.4,8.4,7.7,4.7,6.4,3.0,8.7,5.4,7.6,6.8,7.5,5.4
1,Senegal,F,01/01/2017,22.3,21.1,22.9,1.4,30.9,19.1,12.7,20.3,28.6,21.9,26.0,14.9,14.5,30.9,13.2
1,Senegal,M,01/01/2017,9.4,4.6,3.2,1.1,7.5,6.5,6.3,4.5,10.9,4.1,4.7,7.5,2.6,10.3,2.9
1,Sierra Leone,F,01/01/2013,16.9,19.6,18.7,4.0,22.0,17.6,12.7,17.0,23.3,11.5,20.6,13.7,15.1,22.3,11.0
1,Sierra Leone,M,01/01/2013,5.5,5.5,3.6,4.8,5.0,5.2,4.6,5.6,3.6,5.0,4.5,5.5,2.3,4.5,5.3
1,South Africa,F,01/01/2016,1.2,1.0,0.7,0.2,1.6,2.4,0.9,0.6,1.1,1.2,0.9,1.0,0.9,1.4,0.7
1,South Africa,M,01/01/2016,2.3,1.2,1.4,1.2,3.8,3.2,1.5,1.7,,1.7,0.8,2.2,1.2,2.7,1.2
1,Tajikistan,F,01/01/2017,25.0,35.0,29.3,19.2,41.7,40.2,31.1,24.9,25.1,31.2,33.4,17.6,27.6,31.6,23.5
1,Tanzania,F,01/01/2015,19.3,19.8,21.7,0.3,29.3,22.7,8.2,16.9,27.9,16.4,21.6,16.2,21.3,24.3,12.8
1,Tanzania,M,01/01/2015,9.2,3.7,4.7,0.0,8.8,6.8,5.3,6.1,9.0,5.6,4.6,8.9,3.4,7.5,4.4
1,Timor-Leste,F,01/01/2016,31.3,32.4,32.0,23.7,37.1,37.4,29.7,30.3,40.0,30.0,33.0,29.6,34.7,35.3,24.9
1,Timor-Leste,M,01/01/2016,20.1,19.5,18.8,14.7,22.9,20.1,19.2,17.8,22.8,17.6,19.5,19.6,14.7,20.2,18.1
1,Togo,F,01/01/2013,9.9,11.4,12.5,3.4,17.7,9.7,7.2,10.8,16.5,9.1,12.5,8.4,10.3,15.3,6.3
1,Togo,M,01/01/2013,6.8,6.3,4.3,0.9,10.8,6.7,5.2,4.5,11.9,4.6,5.3,6.3,8.5,8.5,2.6
1,Turkey,F,01/01/2013,0.7,1.0,1.7,0.1,6.7,1.1,0.6,,,1.1,1.3,0.7,1.9,2.8,0.7
1,Turkmenistan,F,01/01/2000,19.7,22.5,23.6,8.0,32.7,26.3,22.7,19.3,48.4,23.9,24.1,17.9,18.4,26.3,16.7
1,Uganda,F,01/01/2016,16.7,10.4,12.3,3.1,18.3,16.4,8.9,12.0,18.9,13.3,12.5,16.9,12.6,15.5,8.4
1,Uganda,M,01/01/2016,11.4,3.6,4.3,1.5,5.6,10.1,4.7,6.9,7.5,11.0,4.7,10.9,5.5,8.6,3.4
1,Ukraine,F,01/01/2007,0.1,0.1,0.2,0.1,,,0.2,0.1,2.0,0.2,0.2,0.1,0.1,0.2,0.1
1,Ukraine,M,01/01/2007,0.9,0.7,0.6,0.4,,,1.0,0.6,1.2,0.9,0.4,1.1,1.2,0.9,0.6
1,Yemen,F,01/01/2013,9.1,10.1,10.1,1.3,14.3,8.2,3.5,5.9,15.2,9.6,10.0,9.2,8.9,12.7,3.7
1,Zambia,F,01/01/2013,23.9,23.0,23.5,2.5,32.3,29.5,17.3,22.4,36.4,19.3,24.9,19.5,25.9,32.1,13.5
1,Zambia,M,01/01/2013,9.8,6.3,5.0,0.7,7.1,10.4,6.0,6.7,9.6,7.6,5.6,9.2,9.2,9.3,5.1
1,Zimbabwe,F,01/01/2015,11.1,6.8,5.5,1.1,17.0,12.1,7.1,6.2,8.9,9.9,7.6,10.6,5.8,10.5,4.2
1,Zimbabwe,M,01/01/2015,9.6,4.1,2.1,1.3,9.4,8.9,5.6,4.3,8.2,8.6,3.1,9.3,3.3,7.9,2.3
2,Afghanistan,F,01/01/2015,57.5,60.0,59.8,37.7,60.2,56.9,55.4,57.8,53.5,59.8,59.5,,51.5,60.6,54.7
2,Afghanistan,M,01/01/2015,44.4,44.6,46.6,31.4,50.2,41.0,42.8,45.5,47.8,41.1,45.5,,35.1,47.0,40.4
2,Albania,F,01/01/2017,1.0,1.7,2.4,0.4,11.7,3.2,1.1,1.2,6.9,1.7,2.0,1.1,3.4,3.1,0.9
2,Albania,M,01/01/2017,4.4,3.5,4.2,2.2,15.3,5.9,3.2,3.4,3.6,5.0,4.1,3.8,13.1,3.2,4.7
2,Angola,F,01/01/2015,14.9,14.1,17.1,3.0,23.9,19.1,8.2,16.1,19.1,11.6,16.7,12.3,17.3,26.2,10.4
2,Angola,M,01/01/2015,12.6,10.6,7.7,1.6,15.9,14.9,9.2,10.9,13.3,9.5,10.5,10.6,17.4,15.7,8.9
2,Armenia,F,01/01/2015,5.1,6.4,6.5,3.9,,5.3,9.2,6.1,16.0,5.2,7.1,4.7,3.2,10.2,3.4
2,Armenia,M,01/01/2015,15.6,16.8,15.9,9.9,,22.0,20.2,17.0,31.7,12.2,15.8,16.0,27.5,24.7,9.5
2,Azerbaijan,F,01/01/2006,27.9,33.2,32.9,11.2,55.2,43.6,33.9,25.2,43.1,32.4,35.1,24.6,26.6,42.4,22.8
2,Azerbaijan,M,01/01/2006,55.8,53.1,47.6,47.5,,,52.8,53.4,42.5,49.5,48.7,56.2,59.2,52.5,51.1
2,Bangladesh,F,01/01/2014,19.8,19.3,20.7,7.4,24.4,22.3,17.9,20.6,21.4,19.5,19.8,,21.8,21.1,17.1
2,Benin,F,01/01/2017,19.1,21.7,22.3,3.0,25.9,17.2,13.4,21.5,19.6,19.9,22.6,16.1,18.5,24.3,16.2
2,Benin,M,01/01/2017,11.1,10.2,7.4,1.7,14.0,9.4,7.0,9.8,12.6,6.2,8.6,11.0,12.0,12.7,5.7
2,Bolivia,F,01/01/2008,5.0,5.0,5.7,1.7,9.3,6.8,4.6,5.1,7.5,4.4,5.6,4.8,4.5,7.7,4.0
2,Burkina Faso,F,01/01/2010,28.3,30.2,35.0,2.0,34.7,26.0,14.1,29.5,30.6,33.8,33.1,21.9,22.9,34.5,20.9
2,Burkina Faso,M,01/01/2010,20.9,19.4,19.5,3.7,22.5,21.7,12.4,15.3,27.0,8.6,19.7,20.1,29.1,23.3,12.3
2,Burundi,F,01/01/2016,30.5,29.3,30.4,1.3,34.8,32.3,20.8,29.5,33.3,21.5,29.6,29.2,36.7,32.1,17.0
2,Burundi,M,01/01/2016,12.8,8.7,8.1,0.2,10.7,12.7,6.7,9.8,10.7,10.8,8.6,12.0,18.0,10.9,6.1
2,Cambodia,F,01/01/2014,20.2,21.7,29.9,6.2,31.5,27.7,18.4,24.4,24.9,21.5,26.0,18.0,24.9,26.0,14.4
2,Cambodia,M,01/01/2014,10.6,8.9,14.1,0.7,16.1,14.6,9.1,11.8,9.3,5.9,11.5,10.3,15.6,12.6,4.3
2,Cameroon,F,01/01/2011,20.5,20.0,22.1,3.2,31.4,24.4,14.9,21.6,22.3,18.7,23.1,15.9,19.1,28.1,14.4
2,Cameroon,M,01/01/2011,19.4,16.8,15.7,7.3,21.7,23.1,15.5,18.0,19.2,13.9,17.3,17.9,18.5,22.8,13.6
2,Chad,F,01/01/2014,47.8,52.0,50.1,38.8,47.6,55.1,51.8,56.6,48.8,45.1,52.1,39.5,49.3,50.2,48.4
2,Chad,M,01/01/2014,24.4,20.8,20.6,10.1,24.6,22.8,20.8,20.1,23.9,26.5,21.0,23.8,26.8,23.3,19.8
2,Colombia,F,01/01/2015,1.3,1.0,1.4,0.9,3.6,1.8,1.3,1.1,2.0,1.5,1.2,1.3,1.4,1.6,1.2
2,Colombia,M,01/01/2015,1.7,1.2,1.3,0.7,2.3,2.3,1.5,1.4,2.0,1.7,1.3,1.5,1.2,2.2,1.2
2,Comoros,F,01/01/2012,18.1,14.2,13.4,6.9,18.1,15.3,16.1,15.2,17.2,15.5,15.0,17.2,14.3,18.0,11.0
2,Comoros,M,01/01/2012,11.9,4.8,1.6,1.4,6.7,7.1,8.0,3.2,11.3,10.9,4.0,10.5,4.3,7.7,5.1
2,Congo Democratic Republic,F,01/01/2013,59.7,57.9,54.3,33.1,58.7,59.7,57.6,60.2,52.1,54.6,59.4,54.5,54.9,60.0,54.0
2,Congo Democratic Republic,M,01/01/2013,47.2,42.6,35.1,25.3,42.0,46.3,43.1,42.0,36.1,45.6,38.8,46.3,46.0,44.2,38.9
2,Cote d'Ivoire,F,01/01/2011,35.4,33.8,33.5,7.2,38.9,34.7,24.6,35.9,37.1,29.8,37.8,29.2,26.0,39.7,29.2
2,Cote d'Ivoire,M,01/01/2011,30.6,25.0,20.3,10.8,30.4,29.2,20.9,25.2,30.6,23.2,23.6,28.6,18.7,28.1,23.4
2,Dominican Republic,F,01/01/2013,0.8,0.6,0.6,0.2,3.3,1.2,0.5,0.7,0.5,0.7,0.4,0.9,1.0,1.0,0.6
2,Dominican Republic,M,01/01/2013,1.5,1.0,0.6,0.1,3.0,1.7,0.7,,,1.1,0.6,1.6,1.1,1.2,1.0
2,Egypt,F,01/01/2014,14.4,11.5,13.3,2.5,23.4,20.4,9.0,6.6,30.3,13.4,12.8,,12.0,16.3,6.2
2,Eritrea,F,01/01/2002,42.6,44.5,47.2,9.8,55.1,43.3,20.9,36.8,60.2,45.0,48.7,32.8,44.7,55.3,30.4
2,Eswatini,F,01/01/2006,23.4,11.7,11.5,2.1,23.9,23.9,13.8,13.9,29.0,18.7,15.3,19.1,13.9,19.9,9.3
2,Eswatini,M,01/01/2006,30.5,15.7,11.6,7.7,21.1,30.6,19.8,17.9,26.8,27.7,13.0,27.2,19.4,26.1,14.1
2,Ethiopia,F,01/01/2016,38.6,43.6,45.6,9.6,50.9,42.3,21.4,33.8,49.0,42.4,46.4,32.3,39.7,48.1,21.1
2,Ethiopia,M,01/01/2016,18.0,13.2,16.4,5.5,21.5,17.4,7.9,9.3,19.9,11.7,15.5,16.3,22.9,18.4,6.3
2,Gabon,F,01/01/2012,27.0,23.6,27.6,10.9,37.1,35.0,24.7,26.3,31.7,25.1,28.0,22.1,30.1,38.7,24.5
2,Gabon,M,01/01/2012,22.5,19.7,16.2,11.3,21.3,20.7,21.0,20.1,16.5,18.8,18.3,20.7,20.3,22.0,19.2
2,Gambia,F,01/01/2013,24.9,23.8,22.9,4.2,29.8,29.8,17.3,27.8,30.2,20.2,27.4,18.1,14.4,37.2,13.8
2,Gambia,M,01/01/2013,14.3,9.7,7.7,2.7,12.0,16.6,11.1,9.8,20.7,12.3,7.9,13.6,6.7,15.6,8.8
2,Ghana,F,01/01/2014,16.7,14.8,15.3,1.6,30.3,20.0,10.9,13.6,23.1,15.8,17.4,13.6,12.6,22.2,10.0
2,Ghana,M,01/01/2014,9.0,3.9,4.1,1.6,9.0,9.6,5.4,5.6,8.4,5.6,4.4,7.5,3.5,7.9,4.0
2,Guatemala,F,01/01/2014,3.3,2.7,3.8,0.3,5.7,4.5,1.1,2.4,3.9,4.0,3.4,3.0,3.1,4.7,1.5
2,Guatemala,M,01/01/2014,3.9,1.1,1.8,0.5,2.1,2.8,2.7,2.3,2.2,5.2,1.6,3.7,3.2,3.1,1.9
2,Guinea,F,01/01/2018,47.2,49.5,51.0,19.4,53.0,49.5,38.4,50.3,48.7,47.7,52.8,39.4,41.5,54.4,40.0
2,Guinea,M,01/01/2018,34.4,32.0,29.9,20.4,39.8,29.8,26.4,32.9,32.0,31.3,30.9,33.6,37.5,38.0,25.0
2,Guyana,F,01/01/2009,6.2,6.8,7.1,0.7,7.6,11.3,6.1,4.8,11.5,7.7,8.4,4.2,4.3,8.5,2.3
2,Guyana,M,01/01/2009,8.4,6.0,8.6,2.1,16.4,13.0,6.8,7.5,23.2,8.3,7.8,7.5,9.9,9.0,4.6
2,Haiti,F,01/01/2016,2.7,2.2,2.5,0.1,4.4,3.7,1.6,2.4,3.9,2.6,2.7,2.3,2.2,3.1,1.8
2,Haiti,M,01/01/2016,2.2,1.4,0.8,0.2,1.3,2.9,1.2,1.5,1.2,2.0,1.4,1.7,1.6,1.4,1.8
2,Honduras,F,01/01/2011,5.1,4.5,4.8,0.4,11.4,7.0,2.2,4.0,7.3,5.5,5.0,4.5,4.9,7.0,3.0
2,Honduras,M,01/01/2011,6.0,2.7,2.9,0.4,4.3,5.1,3.2,4.0,6.9,2.1,2.9,5.3,6.0,4.8,3.3
2,India,F,01/01/2015,26.4,29.1,31.7,18.4,36.2,33.1,27.2,33.6,36.6,26.9,30.7,23.6,31.3,32.0,24.0
2,India,M,01/01/2015,22.4,19.6,19.3,14.8,27.3,23.8,20.1,20.2,25.9,19.3,19.5,21.6,26.9,22.2,17.6
2,Indonesia,F,01/01/2012,6.9,5.1,5.2,2.9,9.2,7.1,5.2,4.8,8.4,5.7,5.4,6.2,7.2,7.8,3.7
2,Indonesia,M,01/01/2012,4.4,4.3,2.8,2.5,9.3,4.3,2.8,3.2,5.9,5.5,3.4,,,4.7,2.1
2,Jordan,F,01/01/2017,6.8,6.1,5.6,3.7,13.1,12.1,6.2,,4.8,6.1,5.9,,5.3,7.9,5.7
2,Jordan,M,01/01/2017,19.8,18.2,13.8,15.7,34.0,9.4,19.0,,15.8,19.7,14.7,19.5,21.4,27.3,16.4
2,Kenya,F,01/01/2014,20.9,20.1,22.1,3.7,36.9,26.1,15.3,18.4,30.8,21.0,23.3,16.9,19.3,25.9,13.8
2,Kenya,M,01/01/2014,20.7,20.9,19.8,9.0,45.4,24.0,18.2,20.6,25.1,17.3,21.4,19.6,20.0,21.1,19.8
2,Kyrgyz Republic,F,01/01/2012,13.6,19.0,18.5,11.8,,19.9,20.6,12.4,17.9,18.5,20.5,9.4,11.9,20.9,9.8
2,Kyrgyz Republic,M,01/01/2012,18.7,27.9,25.0,24.7,,,23.0,25.4,16.3,19.9,25.1,19.7,37.7,22.4,26.3
2,Lesotho,F,01/01/2014,31.1,20.8,18.9,2.6,32.6,34.4,20.8,17.7,28.6,29.1,24.1,26.8,20.6,29.6,15.8
2,Lesotho,M,01/01/2014,29.7,22.4,22.3,9.9,38.2,32.8,18.6,20.8,30.9,30.8,24.3,27.3,21.6,29.2,19.5
2,Liberia,F,01/01/2013,34.2,32.7,32.1,14.4,35.0,38.8,28.1,31.1,34.6,34.3,34.0,32.4,30.6,37.3,30.4
2,Liberia,M,01/01/2013,21.2,19.3,13.2,8.8,21.2,23.4,15.9,17.0,24.7,16.5,15.3,21.5,19.5,20.7,16.3
2,Madagascar,F,01/01/2008,6.4,5.8,5.5,1.6,6.4,6.6,5.1,5.7,7.0,4.7,6.1,5.5,6.2,5.9,6.1
2,Madagascar,M,01/01/2008,10.0,9.0,7.6,2.1,9.8,9.7,7.9,7.9,10.7,8.0,8.7,9.2,10.1,9.1,8.2
2,Malawi,F,01/01/2015,8.0,5.7,5.8,0.9,7.6,7.7,4.4,6.3,6.7,7.0,6.9,7.2,5.3,7.5,3.3
2,Malawi,M,01/01/2015,8.4,2.9,2.4,2.1,4.3,6.9,3.0,4.0,6.0,8.7,2.8,8.8,4.7,5.7,3.4
2,Mali,F,01/01/2018,65.5,70.8,69.8,44.0,71.0,69.5,61.8,69.6,70.5,66.6,71.0,57.7,55.1,70.6,62.6
2,Mali,M,01/01/2018,43.4,35.9,35.4,8.2,41.6,44.1,35.9,34.7,44.9,32.8,36.2,42.0,31.5,43.7,23.8
2,Moldova,F,01/01/2005,4.6,4.7,5.8,1.0,,23.5,6.0,4.3,7.4,5.6,5.7,3.6,4.4,6.9,2.7
2,Moldova,M,01/01/2005,8.2,5.4,8.3,2.4,,,8.6,7.3,11.9,7.6,7.1,7.9,13.5,9.5,5.1
2,Morocco,F,01/01/2003,49.9,50.0,52.4,9.8,66.1,52.0,27.7,37.0,76.5,52.2,55.9,44.1,53.3,70.5,37.9
2,Mozambique,F,01/01/2015,6.2,6.3,7.3,5.5,7.9,6.4,5.2,8.2,6.0,5.9,6.6,5.7,7.4,7.2,5.4
2,Mozambique,M,01/01/2015,9.7,8.1,7.6,1.7,14.2,9.7,5.8,8.4,6.3,10.8,8.5,8.9,8.4,9.3,7.7
2,Myanmar,F,01/01/2015,9.2,9.8,11.1,5.3,14.4,11.5,8.5,10.1,12.7,9.6,10.1,10.2,10.4,11.3,7.3
2,Myanmar,M,01/01/2015,14.6,12.1,13.0,6.0,17.8,12.6,13.6,12.7,18.1,15.4,12.2,14.2,24.1,14.2,10.7
2,Namibia,F,01/01/2013,10.0,13.2,12.0,2.9,23.2,19.9,9.6,8.1,14.2,14.0,14.9,9.0,16.8,15.7,8.4
2,Namibia,M,01/01/2013,11.7,8.2,6.9,3.0,11.0,11.7,9.2,8.0,16.9,11.0,5.0,11.1,10.0,11.5,7.7
2,Nepal,F,01/01/2016,8.6,8.7,9.3,2.6,12.6,12.1,6.4,8.3,7.7,10.6,9.4,6.3,12.5,11.3,7.4
2,Nepal,M,01/01/2016,10.0,7.3,8.4,3.1,18.1,11.7,8.3,7.9,12.2,8.5,8.5,8.8,27.6,8.8,8.7
2,Nicaragua,F,01/01/2001,3.4,5.0,5.2,0.5,9.8,6.0,1.5,3.5,6.4,4.9,6.0,0.0,5.5,7.5,2.6
2,Niger,F,01/01/2012,49.2,51.4,50.5,7.4,51.4,52.8,39.5,51.9,55.2,49.6,51.8,37.9,42.3,53.7,36.2
2,Niger,M,01/01/2012,28.6,17.6,13.9,2.2,18.1,25.8,20.5,16.6,22.7,24.7,15.7,27.8,18.6,20.5,17.6
2,Nigeria,F,01/01/2013,21.7,21.4,20.7,8.7,26.3,24.8,17.6,20.8,33.8,20.2,22.8,16.9,22.2,25.9,15.0
2,Nigeria,M,01/01/2013,14.6,12.4,11.9,5.3,16.3,16.6,12.7,13.0,19.7,10.7,12.8,13.3,16.3,15.8,9.5
2,Pakistan,F,01/01/2017,35.0,30.9,30.6,8.5,44.5,29.2,17.8,34.1,51.0,30.3,31.8,,27.6,39.9,17.3
2,Pakistan,M,01/01/2017,27.4,21.8,17.8,9.2,32.4,22.0,16.5,20.3,34.2,11.0,20.0,,35.7,25.5,12.6
2,Peru,F,01/01/2012,0.9,0.7,0.9,0.4,2.1,1.7,0.6,0.7,2.1,0.6,0.8,0.9,0.9,1.7,0.5
2,Philippines,F,01/01/2017,2.3,2.0,2.2,1.1,2.7,3.6,2.5,2.0,2.9,2.2,2.1,2.2,3.1,2.3,2.0
2,Rwanda,F,01/01/2014,21.4,19.6,20.0,3.7,24.9,21.8,15.7,19.8,23.3,16.9,19.4,20.9,23.6,22.5,12.0
2,Rwanda,M,01/01/2014,6.9,4.9,3.6,0.6,7.5,5.6,5.0,5.3,5.3,6.3,4.4,6.3,9.1,5.8,3.8
2,Sao Tome and Principe,F,01/01/2008,8.2,6.8,5.7,,7.3,8.2,5.0,7.1,12.7,6.5,7.0,7.9,5.5,6.1,7.7
2,Sao Tome and Principe,M,01/01/2008,11.7,9.1,8.6,7.7,4.3,11.5,8.6,10.0,15.0,8.2,8.3,11.9,10.4,10.9,9.2
2,Senegal,F,01/01/2017,36.0,34.1,36.1,2.9,48.6,29.6,22.9,32.4,46.2,35.1,41.1,25.2,23.8,49.2,21.5
2,Senegal,M,01/01/2017,25.2,15.5,11.4,3.3,22.9,18.9,17.7,14.6,28.6,14.2,14.4,21.3,15.3,25.4,12.8
2,Sierra Leone,F,01/01/2013,44.3,49.6,49.7,17.0,55.0,43.0,37.9,47.5,54.3,36.3,52.4,37.2,43.6,52.9,37.9
2,Sierra Leone,M,01/01/2013,24.3,26.4,22.5,12.2,27.9,24.8,22.4,24.6,27.3,18.4,24.6,23.7,28.2,26.9,20.0
2,South Africa,F,01/01/2016,2.7,2.1,1.9,0.5,2.9,4.2,2.2,1.9,2.1,2.4,2.0,2.2,3.1,3.9,1.4
2,South Africa,M,01/01/2016,5.5,3.2,2.1,0.7,6.3,6.3,3.7,2.4,,5.1,2.0,4.6,3.5,7.1,2.2
2,Tajikistan,F,01/01/2017,44.5,58.2,55.5,40.9,57.8,55.8,54.6,46.9,51.3,53.9,59.3,30.8,47.0,54.7,45.1
2,Tanzania,F,01/01/2015,42.1,40.6,43.2,1.9,51.1,45.6,28.2,37.2,51.9,38.3,44.7,35.5,41.8,46.5,34.1
2,Tanzania,M,01/01/2015,30.6,19.2,20.4,2.4,24.3,27.4,19.7,24.2,27.0,22.7,19.9,29.3,30.5,26.1,21.6
2,Timor-Leste,F,01/01/2016,58.6,62.6,60.1,58.3,64.0,60.1,59.1,60.5,71.3,57.0,62.6,56.3,59.8,61.9,57.0
2,Timor-Leste,M,01/01/2016,30.0,31.0,28.5,27.4,32.0,29.3,29.8,31.5,30.0,27.4,31.6,28.1,31.6,31.1,27.2
2,Togo,F,01/01/2013,17.4,20.8,20.5,4.8,26.4,18.8,14.9,20.1,22.2,16.6,21.8,14.1,18.4,24.1,13.9
2,Togo,M,01/01/2013,11.5,9.6,8.9,3.9,14.0,11.8,9.4,8.8,15.8,8.8,9.5,10.7,10.6,13.2,6.3
2,Turkey,F,01/01/2013,5.2,5.0,7.9,1.4,18.9,8.4,4.2,,,6.2,6.9,4.3,7.1,12.5,4.7
2,Turkmenistan,F,01/01/2000,31.0,34.6,36.3,15.4,44.7,35.8,35.0,31.1,49.1,36.3,37.5,27.4,29.0,39.7,26.9
2,Uganda,F,01/01/2016,29.2,23.0,24.6,7.8,33.6,30.2,19.7,23.4,36.0,24.5,26.2,26.6,24.6,29.2,17.8
2,Uganda,M,01/01/2016,27.5,20.1,19.7,9.8,15.1,28.7,19.9,22.7,23.2,30.1,20.3,26.3,29.6,25.2,17.6
2,Ukraine,F,01/01/2007,0.5,0.8,1.2,0.6,,,1.4,0.9,3.2,0.8,1.0,0.4,1.0,1.6,0.6
2,Ukraine,M,01/01/2007,4.4,6.2,5.0,3.3,,,7.0,5.3,3.2,4.8,3.2,6.1,13.0,6.8,4.6
2,Yemen,F,01/01/2013,18.6,19.9,22.3,4.8,27.3,18.4,8.9,13.8,25.1,19.9,21.1,17.7,19.5,24.9,10.0
2,Zambia,F,01/01/2013,33.6,33.0,34.0,6.2,40.2,40.5,27.3,33.4,47.0,28.3,35.8,28.5,33.8,42.2,23.5
2,Zambia,M,01/01/2013,23.1,18.3,17.1,3.9,20.0,25.2,18.3,19.0,25.0,18.3,18.4,21.7,21.5,23.9,15.4
2,Zimbabwe,F,01/01/2015,21.4,14.8,12.3,2.4,26.4,25.5,14.7,14.7,18.1,18.6,17.0,17.6,13.5,20.4,10.7
2,Zimbabwe,M,01/01/2015,18.9,11.3,9.1,4.3,22.0,19.8,13.5,12.6,17.5,15.5,10.2,18.2,12.4,16.8,8.8
3,Afghanistan,F,01/01/2015,67.7,68.5,64.7,41.1,68.4,64.1,58.2,66.7,68.0,67.0,67.1,,58.5,69.3,58.9
3,Afghanistan,M,01/01/2015,63.3,60.4,61.0,43.6,66.0,55.9,59.5,60.9,65.7,54.8,61.3,,36.5,65.6,46.0
3,Albania,F,01/01/2017,2.0,3.7,4.8,0.3,14.9,6.9,2.4,1.8,8.9,4.4,4.6,1.7,2.3,5.7,2.3
3,Albania,M,01/01/2017,5.3,6.1,7.8,2.7,25.4,9.0,5.9,7.2,6.2,5.6,7.7,5.1,16.7,7.4,5.9
3,Angola,F,01/01/2015,13.8,14.0,16.3,2.8,21.0,18.5,8.5,15.2,17.3,11.7,15.9,11.9,15.4,22.9,10.8
3,Angola,M,01/01/2015,8.9,8.1,7.0,1.6,13.4,11.2,6.8,8.2,9.2,7.7,8.1,8.0,12.8,11.2,7.1
3,Armenia,F,01/01/2015,4.7,5.5,5.3,2.7,,5.4,8.7,4.6,19.8,4.2,5.7,5.0,2.5,9.3,2.5
3,Armenia,M,01/01/2015,13.8,10.5,11.1,6.1,,13.6,16.3,12.3,26.3,8.7,10.3,12.9,22.5,17.7,7.1
3,Azerbaijan,F,01/01/2006,36.9,46.1,44.9,17.2,68.5,58.3,45.8,35.0,59.2,43.9,48.7,31.4,36.2,54.3,33.4
3,Azerbaijan,M,01/01/2006,45.7,42.3,34.2,31.1,,,42.2,41.3,29.5,39.2,36.8,45.5,32.6,43.9,37.1
3,Bangladesh,F,01/01/2014,13.9,13.7,15.6,6.2,17.5,17.3,12.0,14.9,15.3,14.2,14.1,,20.3,15.3,12.2
3,Benin,F,01/01/2017,18.7,22.2,23.7,2.4,26.5,17.8,13.2,22.6,17.1,20.7,23.4,15.3,20.3,24.5,16.9
3,Benin,M,01/01/2017,10.5,8.3,7.2,1.2,11.6,9.3,7.1,8.7,13.0,5.7,7.6,10.3,10.1,10.4,6.7
3,Bolivia,F,01/01/2008,5.3,5.2,7.3,1.9,12.0,8.2,4.6,5.9,8.7,4.6,6.6,4.6,6.4,9.1,4.3
3,Burkina Faso,F,01/01/2010,27.4,29.9,34.6,0.3,34.4,24.6,13.1,27.9,31.6,31.9,32.6,20.4,26.3,34.3,19.6
3,Burkina Faso,M,01/01/2010,19.7,16.3,16.6,2.8,20.6,16.9,11.1,13.3,24.1,7.5,17.0,18.5,23.7,20.9,10.1
3,Burundi,F,01/01/2016,39.8,38.3,39.4,8.7,43.6,40.9,31.3,40.9,40.7,30.1,38.4,38.4,47.5,41.2,25.8
3,Burundi,M,01/01/2016,20.7,14.5,14.9,1.1,19.3,18.9,14.1,16.8,17.1,21.2,14.7,19.6,32.9,18.1,12.1
3,Cambodia,F,01/01/2014,25.3,30.3,38.5,7.6,38.0,36.6,24.9,32.1,33.3,28.0,35.1,21.7,29.7,33.5,21.5
3,Cambodia,M,01/01/2014,10.5,11.7,15.4,1.3,20.3,15.6,10.4,12.9,13.9,5.7,13.8,9.9,12.2,13.9,5.6
3,Cameroon,F,01/01/2011,26.0,25.3,28.9,2.8,31.6,32.9,21.9,27.6,28.9,23.8,28.8,21.5,25.9,34.3,19.9
3,Cameroon,M,01/01/2011,22.0,20.3,21.2,8.7,25.3,27.5,19.0,21.9,16.7,19.7,21.8,20.4,25.4,27.0,16.7
3,Chad,F,01/01/2014,56.2,62.3,59.1,37.1,56.3,66.5,60.3,65.5,60.6,53.8,62.1,46.3,56.9,59.9,56.2
3,Chad,M,01/01/2014,30.0,28.1,25.7,17.7,28.6,30.7,26.9,26.9,29.1,30.3,26.7,29.8,35.2,28.9,26.3
3,Colombia,F,01/01/2015,1.1,1.1,1.4,0.8,5.8,1.8,1.3,1.1,2.4,1.4,1.3,1.2,1.3,1.8,1.1
3,Colombia,M,01/01/2015,1.7,1.3,1.3,0.8,3.2,3.0,1.2,1.4,2.3,1.5,1.4,1.4,1.5,2.6,1.1
3,Comoros,F,01/01/2012,30.6,26.4,27.0,16.1,29.1,32.5,28.7,30.1,34.0,26.1,28.1,29.1,27.1,31.3,22.5
3,Comoros,M,01/01/2012,10.8,5.4,3.3,2.7,10.1,6.8,7.1,5.0,11.5,7.1,4.2,10.7,4.8,7.8,5.5
3,Congo,F,01/01/2011,42.8,39.9,39.2,22.5,41.2,44.1,41.1,40.8,50.0,39.1,41.1,39.2,42.7,42.3,40.2
3,Congo,M,01/01/2011,24.1,21.2,21.1,13.9,18.8,22.5,23.8,21.7,15.4,25.7,22.8,21.4,23.2,25.1,21.0
3,Congo Democratic Republic,F,01/01/2013,49.6,50.5,46.5,22.6,49.7,51.8,48.8,51.4,43.2,46.7,51.2,44.4,47.4,51.6,45.1
3,Congo Democratic Republic,M,01/01/2013,38.1,32.6,25.1,16.6,32.9,37.1,33.2,31.6,30.0,37.4,29.5,36.9,29.3,34.7,29.0
3,Cote d'Ivoire,F,01/01/2011,25.9,27.0,26.9,2.7,32.0,26.9,14.0,28.0,28.8,22.6,30.6,19.5,21.1,32.6,20.8
3,Cote d'Ivoire,M,01/01/2011,24.6,22.0,18.7,5.5,28.0,24.3,17.2,21.6,26.5,19.5,21.8,22.6,17.6,25.3,18.9
3,Dominican Republic,F,01/01/2013,0.7,1.1,0.7,0.2,1.9,1.5,0.7,0.8,1.0,0.8,0.9,0.5,0.9,0.7,0.8
3,Dominican Republic,M,01/01/2013,3.4,1.9,1.1,0.2,5.0,3.9,1.1,,,2.2,1.3,3.3,2.0,2.3,2.2
3,Egypt,F,01/01/2014,29.1,23.5,26.0,6.5,41.8,36.7,20.9,15.1,45.4,26.8,25.6,,24.0,31.7,14.0
3,Eritrea,F,01/01/2002,49.5,51.4,54.7,9.3,61.5,52.8,26.8,43.8,63.1,52.5,55.6,39.9,53.1,61.0,39.2
3,Eswatini,F,01/01/2006,13.5,4.5,6.6,1.2,11.8,13.9,7.1,5.4,9.1,11.8,7.8,10.9,6.6,11.1,4.0
3,Eswatini,M,01/01/2006,20.3,9.9,7.4,4.1,11.5,21.0,12.9,11.6,16.7,18.5,8.7,17.9,10.9,17.0,9.5
3,Ethiopia,F,01/01/2016,39.1,46.0,46.1,11.7,52.2,42.3,25.2,36.0,46.5,45.2,47.5,34.4,38.7,49.0,23.6
3,Ethiopia,M,01/01/2016,17.0,14.8,18.6,5.6,22.4,17.7,10.2,10.6,20.5,11.5,17.3,15.7,22.6,19.2,7.2
3,Gabon,F,01/01/2012,17.9,18.1,21.8,3.8,35.6,32.6,15.7,18.6,26.8,18.4,21.9,14.4,20.3,33.3,17.2
3,Gabon,M,01/01/2012,14.9,14.4,12.8,6.3,16.3,17.7,14.8,14.1,13.3,14.1,14.7,13.0,16.3,16.3,13.7
3,Gambia,F,01/01/2013,41.3,42.3,42.8,11.9,52.0,49.7,30.1,47.2,53.1,36.4,46.5,33.3,32.0,57.7,29.7
3,Gambia,M,01/01/2013,26.2,17.4,14.5,8.3,24.6,27.9,18.8,17.8,35.3,24.1,14.7,24.7,17.2,27.2,17.0
3,Ghana,F,01/01/2014,17.9,14.8,16.7,2.3,30.8,22.4,11.4,13.9,26.5,16.4,18.5,13.7,14.5,22.4,11.4
3,Ghana,M,01/01/2014,9.9,5.2,4.2,1.7,15.5,8.8,5.8,6.3,10.3,5.9,5.2,8.4,3.6,9.0,4.6
3,Guatemala,F,01/01/2014,3.7,3.1,3.8,0.0,6.2,5.0,1.2,2.7,5.4,4.3,3.7,3.4,3.3,5.1,1.7
3,Guatemala,M,01/01/2014,2.8,1.3,1.6,0.2,2.4,2.7,1.6,1.9,2.6,3.3,1.5,2.9,0.9,2.6,1.4
3,Guinea,F,01/01/2018,51.3,55.5,55.6,28.9,58.3,51.7,41.7,49.9,60.2,51.5,58.5,41.5,48.1,58.9,45.4
3,Guinea,M,01/01/2018,37.4,39.1,36.8,23.8,47.3,35.9,28.7,38.8,37.4,34.6,39.5,35.9,32.5,43.6,29.9
3,Guyana,F,01/01/2009,5.0,6.6,5.9,0.7,10.4,11.6,4.7,3.6,10.0,7.0,7.3,3.6,3.5,7.4,1.7
3,Guyana,M,01/01/2009,7.7,6.2,6.2,1.2,8.8,12.3,5.8,6.4,21.4,7.2,6.8,6.7,6.5,8.0,3.4
3,Haiti,F,01/01/2016,12.6,10.1,10.2,0.7,15.6,16.5,8.2,11.0,8.2,11.4,11.7,10.5,11.1,13.7,8.2
3,Haiti,M,01/01/2016,8.2,6.3,5.1,1.9,7.6,10.1,5.8,6.4,7.4,7.7,5.7,7.2,10.8,7.0,6.5
3,Honduras,F,01/01/2011,4.5,3.9,4.6,0.3,11.4,6.5,1.5,3.7,6.9,4.7,4.5,4.1,4.2,6.6,2.4
3,Honduras,M,01/01/2011,4.3,2.4,2.0,0.3,4.6,3.9,1.9,2.9,6.8,0.8,2.0,4.2,4.3,4.1,2.0
3,India,F,01/01/2015,23.6,26.2,28.6,18.4,31.7,28.9,24.6,30.6,31.9,24.1,27.5,21.3,29.5,27.7,23.3
3,India,M,01/01/2015,17.5,15.5,14.9,12.2,21.7,18.5,15.4,15.7,20.2,15.4,15.1,17.2,20.0,17.2,13.9
3,Indonesia,F,01/01/2012,26.9,24.8,21.4,14.7,19.8,26.9,24.7,22.2,28.2,24.7,24.3,23.0,23.9,29.3,19.2
3,Indonesia,M,01/01/2012,12.4,12.6,12.0,7.6,14.6,14.2,12.0,12.0,16.6,0.0,12.2,,,13.6,10.9
3,Jordan,F,01/01/2017,9.5,7.2,6.5,4.1,14.8,14.0,7.9,,4.4,7.6,7.3,,5.4,8.9,7.0
3,Jordan,M,01/01/2017,21.1,18.4,15.2,17.1,19.4,15.2,19.7,,17.0,20.5,14.9,21.0,19.7,29.6,17.2
3,Kenya,F,01/01/2014,21.5,21.1,23.0,4.6,38.3,26.8,16.2,20.0,28.0,22.0,23.5,18.2,21.8,27.1,13.9
3,Kenya,M,01/01/2014,18.1,18.9,18.6,9.0,48.2,22.1,15.0,18.3,25.0,15.2,19.0,17.6,22.1,20.4,16.1
3,Kyrgyz Republic,F,01/01/2012,18.2,26.1,26.2,15.6,,31.4,28.9,16.6,26.5,25.7,28.9,11.9,15.8,29.2,12.9
3,Kyrgyz Republic,M,01/01/2012,30.7,42.9,35.2,34.3,,,36.8,39.4,20.2,29.1,36.2,33.9,49.0,37.1,33.4
3,Lesotho,F,01/01/2014,13.3,8.8,9.0,1.3,13.8,17.1,7.5,7.0,11.5,13.4,11.1,11.1,7.9,13.5,5.8
3,Lesotho,M,01/01/2014,15.7,14.5,16.9,4.6,28.8,20.9,9.2,13.2,19.1,17.6,16.9,15.3,11.5,18.7,10.0
3,Liberia,F,01/01/2013,29.2,28.3,27.7,15.1,30.7,31.5,24.9,28.2,26.4,29.6,30.0,26.5,25.7,31.1,26.8
3,Liberia,M,01/01/2013,16.3,14.3,10.9,9.2,17.8,16.2,12.6,14.5,15.5,11.9,11.9,16.6,14.7,16.4,12.3
3,Madagascar,F,01/01/2008,20.6,19.0,17.6,8.1,17.9,20.0,19.7,17.3,22.5,17.9,19.3,19.8,18.1,19.0,20.4
3,Madagascar,M,01/01/2008,21.2,18.7,16.2,7.9,21.3,19.7,17.6,15.5,23.7,20.3,18.4,20.1,18.3,19.4,16.2
3,Malawi,F,01/01/2015,8.2,5.6,6.3,1.0,7.5,7.6,5.3,6.2,6.7,7.6,7.1,7.3,5.2,7.5,4.4
3,Malawi,M,01/01/2015,7.2,3.1,2.4,2.9,3.5,6.5,2.2,3.8,6.0,5.9,3.0,7.5,2.4,5.1,3.3
3,Maldives,F,01/01/2016,3.8,4.1,5.8,2.2,8.4,7.6,4.0,4.5,5.1,4.7,4.8,3.6,5.8,5.2,3.9
3,Maldives,M,01/01/2016,4.1,1.6,2.0,1.5,2.5,3.2,2.7,2.3,3.6,4.6,1.7,3.9,3.4,2.9,1.9
3,Mali,F,01/01/2018,51.4,55.3,55.2,28.6,57.8,55.2,41.9,54.5,60.7,50.3,56.4,42.3,42.2,57.2,44.3
3,Mali,M,01/01/2018,24.8,21.2,19.9,5.6,23.6,24.9,21.1,19.9,27.2,10.8,21.3,23.3,10.0,25.1,13.6
3,Moldova,F,01/01/2005,6.1,6.9,8.4,1.5,,18.9,8.7,5.9,11.9,8.2,8.3,4.8,6.4,10.4,3.1
3,Moldova,M,01/01/2005,8.6,8.6,11.8,1.8,,,11.6,10.4,10.7,9.1,9.8,8.7,23.8,13.6,5.2
3,Morocco,F,01/01/2003,48.2,49.9,50.7,6.5,67.5,49.6,22.6,33.7,77.0,51.3,55.0,42.2,54.0,72.4,34.6
3,Mozambique,F,01/01/2015,6.9,7.4,8.3,1.0,8.7,8.1,4.9,10.3,10.1,5.2,7.7,5.6,8.4,8.1,6.4
3,Mozambique,M,01/01/2015,9.3,7.1,5.9,0.9,10.1,8.5,6.3,6.9,11.4,7.6,7.2,8.8,6.5,8.3,6.7
3,Myanmar,F,01/01/2015,18.2,21.7,23.9,8.4,26.3,25.6,19.3,22.5,24.7,18.7,23.9,17.8,20.2,24.4,14.9
3,Myanmar,M,01/01/2015,19.1,14.2,16.3,9.1,14.8,17.8,17.2,16.3,19.8,16.5,15.2,18.1,26.8,17.4,14.3
3,Namibia,F,01/01/2013,11.8,13.2,14.2,2.6,23.3,20.4,11.6,9.9,17.8,15.0,15.6,10.5,21.1,18.6,8.6
3,Namibia,M,01/01/2013,11.9,7.4,8.6,5.3,11.9,13.9,8.4,9.5,15.7,9.8,6.5,11.2,5.7,12.7,7.4
3,Nepal,F,01/01/2016,10.1,12.1,13.2,4.6,15.1,13.8,10.5,11.9,10.9,12.4,12.7,8.0,10.2,13.1,10.9
3,Nepal,M,01/01/2016,10.9,8.0,8.8,2.9,14.2,13.3,9.9,9.0,11.5,8.8,8.6,10.5,34.5,10.2,9.0
3,Nicaragua,F,01/01/2001,4.8,6.8,6.3,0.7,12.3,8.5,1.7,4.5,6.2,6.8,8.2,0.0,6.5,9.9,3.4
3,Niger,F,01/01/2012,41.7,44.3,41.8,3.8,44.1,43.1,30.1,42.0,46.8,42.8,44.1,29.8,37.6,46.4,26.7
3,Niger,M,01/01/2012,22.9,12.8,12.1,2.9,14.7,20.2,16.3,12.8,19.3,17.6,12.5,22.0,24.4,16.9,12.7
3,Nigeria,F,01/01/2013,25.1,25.6,25.2,9.7,32.7,28.1,20.0,24.2,35.5,25.4,27.7,18.3,24.4,31.7,16.5
3,Nigeria,M,01/01/2013,14.5,13.2,12.0,6.0,15.1,16.4,13.6,13.3,22.0,9.8,12.6,13.8,20.1,16.2,9.6
3,Pakistan,F,01/01/2017,35.7,31.2,29.6,11.3,44.2,28.4,16.7,33.3,45.3,30.6,31.6,,28.4,39.2,18.1
3,Pakistan,M,01/01/2017,35.7,28.9,25.3,11.5,40.4,30.6,25.4,27.9,31.3,15.2,27.5,,35.2,35.5,16.1
3,Peru,F,01/01/2012,1.1,0.9,1.3,0.6,2.3,2.0,1.0,1.0,2.1,0.9,1.2,1.0,1.0,2.1,0.8
3,Philippines,F,01/01/2017,3.3,3.4,3.5,1.3,9.8,7.9,3.6,2.5,5.3,3.8,3.7,2.9,3.0,4.4,2.3
3,Rwanda,F,01/01/2014,24.1,21.2,21.1,4.1,25.0,23.7,18.7,21.6,26.0,17.4,20.5,23.6,26.4,24.6,12.7
3,Rwanda,M,01/01/2014,8.6,6.7,4.8,2.3,8.6,7.1,6.8,6.8,7.1,7.6,6.0,7.9,8.4,7.4,5.4
3,Sao Tome and Principe,F,01/01/2008,9.2,12.1,9.5,,18.4,11.5,6.8,10.6,11.5,9.8,11.2,7.8,9.7,10.2,10.2
3,Sao Tome and Principe,M,01/01/2008,10.6,13.6,11.5,11.0,13.5,15.3,6.9,12.5,11.8,7.6,13.0,10.3,12.1,15.4,7.8
3,Senegal,F,01/01/2017,32.4,33.2,34.4,2.4,46.9,27.7,19.3,30.9,44.0,32.1,39.1,22.2,22.3,47.4,18.9
3,Senegal,M,01/01/2017,19.6,10.5,8.8,3.3,18.3,13.9,12.1,10.1,23.2,10.9,11.2,15.9,10.9,20.9,8.0
3,Sierra Leone,F,01/01/2013,48.6,56.2,55.3,25.3,59.4,50.3,44.1,49.4,61.7,42.3,58.1,41.8,49.6,57.3,45.0
3,Sierra Leone,M,01/01/2013,19.4,21.2,19.1,9.2,23.7,20.8,17.2,21.3,20.7,14.3,20.6,18.5,23.4,23.0,14.5
3,South Africa,F,01/01/2016,2.2,2.1,2.0,0.3,2.2,4.8,2.1,2.1,2.7,2.1,2.4,1.8,2.8,3.2,1.6
3,South Africa,M,01/01/2016,3.2,3.5,4.6,1.7,4.5,5.6,3.7,3.1,,4.4,3.4,3.9,4.0,6.0,2.7
3,Tajikistan,F,01/01/2017,43.4,58.3,53.5,36.2,61.6,59.0,54.1,45.7,51.2,52.9,58.4,29.5,46.4,54.8,41.0
3,Tanzania,F,01/01/2015,40.3,40.3,42.2,2.4,51.3,44.5,26.3,36.2,50.9,37.1,44.0,33.9,39.9,45.8,32.2
3,Tanzania,M,01/01/2015,26.9,17.8,21.1,3.2,20.6,26.3,16.6,21.4,32.2,20.8,20.2,24.9,29.8,24.6,19.3
3,Timor-Leste,F,01/01/2016,61.5,67.7,65.1,63.8,69.6,64.1,62.5,65.3,76.1,60.9,67.6,59.2,65.5,66.3,60.7
3,Timor-Leste,M,01/01/2016,42.5,47.9,44.8,58.0,39.6,41.8,44.3,55.0,37.0,40.9,47.9,41.4,51.2,37.8,58.1
3,Togo,F,01/01/2013,15.2,18.3,20.2,4.3,24.8,17.0,13.1,18.4,20.6,14.9,19.8,12.3,19.8,23.3,11.3
3,Togo,M,01/01/2013,10.7,8.8,8.9,1.6,13.9,13.6,8.0,9.4,15.1,5.8,9.5,9.5,12.2,12.5,6.0
3,Turkey,F,01/01/2013,2.9,4.0,5.8,0.6,16.7,6.1,2.3,,,4.4,5.2,2.3,6.5,9.4,3.2
3,Turkmenistan,F,01/01/2000,36.8,41.6,43.3,20.3,57.8,49.6,41.5,37.8,57.4,42.5,44.6,32.8,35.3,46.4,33.2
3,Uganda,F,01/01/2016,32.6,27.6,28.6,9.5,34.8,34.3,24.8,27.6,38.0,29.4,30.3,30.1,28.9,32.9,22.2
3,Uganda,M,01/01/2016,25.8,20.2,18.2,10.3,23.8,27.4,17.0,22.6,19.4,29.7,19.8,24.1,30.5,24.1,16.4
3,Ukraine,F,01/01/2007,0.2,0.3,0.7,0.3,,,0.7,0.4,2.0,0.5,0.6,0.1,0.3,0.8,0.3
3,Ukraine,M,01/01/2007,3.0,5.2,4.4,2.4,,,5.9,4.3,5.3,3.7,2.8,4.3,11.5,5.0,3.9
3,Yemen,F,01/01/2013,34.7,35.0,37.8,11.0,44.7,35.1,20.9,25.9,47.8,35.5,36.8,33.4,34.4,42.0,22.9
3,Zambia,F,01/01/2013,30.0,29.8,29.4,7.0,33.8,35.9,24.5,29.4,40.2,26.0,32.1,24.9,29.0,37.5,20.7
3,Zambia,M,01/01/2013,18.6,15.7,12.7,2.9,14.0,20.9,14.4,14.9,20.9,15.0,14.8,17.5,14.9,19.0,12.7
3,Zimbabwe,F,01/01/2015,28.3,21.6,16.7,2.9,35.0,31.2,21.6,20.1,24.3,25.4,22.8,24.8,19.5,28.3,14.2
3,Zimbabwe,M,01/01/2015,23.3,15.1,12.1,4.7,37.8,23.2,17.8,16.5,23.4,18.3,14.2,21.8,16.3,21.0,11.8
4,Afghanistan,F,01/01/2015,46.5,50.2,48.1,33.4,48.9,50.6,44.4,48.1,49.3,48.6,48.6,,43.1,48.9,46.7
4,Afghanistan,M,01/01/2015,24.8,27.0,25.7,20.9,29.7,22.3,23.0,25.6,30.6,31.8,26.1,,29.3,28.1,19.6
4,Albania,F,01/01/2017,3.5,5.4,6.3,1.1,21.1,8.6,4.2,3.2,13.6,5.8,6.1,3.2,5.1,7.7,3.6
4,Albania,M,01/01/2017,7.1,8.6,8.3,3.8,22.3,9.6,8.4,7.5,5.5,9.1,8.5,7.2,24.5,8.9,7.4
4,Angola,F,01/01/2015,16.5,15.6,16.7,4.2,22.3,20.1,10.8,16.7,18.9,14.0,17.2,14.1,19.0,24.7,12.6
4,Angola,M,01/01/2015,13.5,10.7,9.3,1.8,18.3,17.1,9.1,11.3,13.8,11.1,11.7,11.2,16.7,18.0,9.2
4,Armenia,F,01/01/2015,7.1,8.9,9.4,5.5,,9.4,12.6,7.6,24.4,7.6,9.9,6.8,3.8,13.4,5.4
4,Armenia,M,01/01/2015,18.9,16.6,16.4,10.9,,17.8,22.8,17.0,31.5,16.0,16.5,17.2,33.7,23.9,12.0
4,Azerbaijan,F,01/01/2006,30.9,35.8,36.9,11.6,64.7,47.6,37.6,27.7,50.0,35.8,38.8,27.3,29.0,47.3,24.8
4,Azerbaijan,M,01/01/2006,39.4,35.4,30.3,17.0,,,38.8,35.2,32.0,33.7,31.7,39.3,34.0,45.4,26.4
4,Bangladesh,F,01/01/2014,14.6,14.7,15.4,7.3,16.9,17.2,13.5,15.6,16.5,14.5,14.7,,18.8,15.6,13.1
4,Benin,F,01/01/2017,20.5,23.5,24.5,2.8,27.2,19.6,16.0,23.5,21.8,20.8,24.7,17.3,19.7,26.0,18.0
4,Benin,M,01/01/2017,11.2,9.7,6.6,0.8,13.5,8.4,7.2,9.1,14.3,6.2,8.1,11.0,8.8,12.1,5.7
4,Bolivia,F,01/01/2008,11.9,11.7,13.2,4.5,15.9,15.2,12.2,12.2,14.0,11.5,12.7,11.5,12.3,14.4,11.2
4,Burkina Faso,F,01/01/2010,27.9,29.6,34.6,3.8,33.4,26.5,18.1,28.8,31.1,31.8,32.3,22.5,27.1,33.3,22.6
4,Burkina Faso,M,01/01/2010,21.6,18.8,19.5,9.8,22.2,18.9,15.8,16.7,24.8,14.6,19.3,21.0,25.4,22.6,14.1
4,Burundi,F,01/01/2016,52.7,51.2,51.0,20.0,55.1,53.7,45.0,53.8,52.5,44.0,50.5,51.7,59.9,53.6,39.2
4,Burundi,M,01/01/2016,32.8,23.8,18.8,4.0,26.3,28.9,23.6,24.5,27.3,32.7,21.7,31.1,34.0,27.2,19.9
4,Cambodia,F,01/01/2014,39.0,43.5,48.7,15.5,50.3,49.4,37.4,43.5,51.2,41.7,47.2,34.9,42.1,46.2,32.7
4,Cambodia,M,01/01/2014,17.3,18.2,22.0,3.1,25.0,22.9,17.6,19.4,22.8,12.1,20.3,16.5,22.8,21.3,8.3
4,Cameroon,F,01/01/2011,39.6,34.9,36.7,11.4,35.9,41.9,37.9,38.4,38.3,35.4,37.5,37.3,37.2,42.4,33.1
4,Cameroon,M,01/01/2011,32.0,27.9,24.9,17.5,26.1,32.2,29.3,29.1,28.0,28.2,27.4,30.1,30.7,32.3,26.2
4,Chad,F,01/01/2014,57.9,62.6,59.0,43.1,56.7,66.3,64.0,67.0,60.7,54.2,62.1,49.6,58.8,60.1,58.8
4,Chad,M,01/01/2014,38.4,37.3,34.8,27.6,34.6,40.5,37.9,39.6,33.2,37.7,35.6,38.8,39.2,38.0,34.6
4,Colombia,F,01/01/2015,2.3,2.1,2.7,1.2,9.8,4.4,2.5,2.1,4.4,2.9,2.7,1.9,2.4,4.3,1.9
4,Colombia,M,01/01/2015,3.5,2.8,2.7,1.2,9.4,5.4,2.9,3.0,4.1,2.8,3.0,2.9,3.3,5.0,2.4
4,Comoros,F,01/01/2012,32.9,27.0,27.7,17.6,29.6,33.1,31.2,30.9,37.5,27.2,29.2,31.2,26.9,32.7,23.8
4,Comoros,M,01/01/2012,12.8,4.6,4.4,3.5,6.6,8.1,9.6,5.3,12.0,10.3,5.6,10.9,7.7,9.3,5.5
4,Congo,F,01/01/2011,50.9,44.9,43.3,38.3,44.2,47.6,47.4,46.3,52.8,46.5,46.6,47.7,45.8,46.9,46.7
4,Congo,M,01/01/2011,35.8,32.2,25.1,21.2,24.5,32.3,32.9,30.4,18.8,36.7,28.7,33.0,35.8,29.8,31.7
4,Congo Democratic Republic,F,01/01/2013,52.6,51.7,49.2,33.3,50.2,51.6,53.2,54.2,40.6,49.9,51.9,50.5,50.9,51.4,51.5
4,Congo Democratic Republic,M,01/01/2013,45.4,40.7,32.5,23.7,42.5,41.3,41.8,38.9,36.5,46.3,36.8,44.5,40.4,40.3,39.8
4,Cote d'Ivoire,F,01/01/2011,34.4,31.7,31.6,8.8,36.3,32.6,26.2,33.4,35.8,29.7,34.7,29.7,28.2,36.6,29.1
4,Cote d'Ivoire,M,01/01/2011,33.5,30.9,20.6,10.9,30.2,31.5,28.6,27.3,33.9,30.5,25.7,31.6,32.1,29.5,28.0
4,Dominican Republic,F,01/01/2013,1.9,1.7,1.5,0.3,2.5,3.3,1.5,1.5,1.7,2.0,1.6,1.8,1.9,1.8,1.7
4,Dominican Republic,M,01/01/2013,3.6,2.1,1.0,0.3,6.0,3.9,1.4,,,2.3,1.6,3.3,2.1,2.8,2.1
4,Egypt,F,01/01/2014,27.6,22.2,24.6,6.0,38.6,34.8,20.2,14.7,43.0,25.3,24.2,,23.1,30.1,13.0
4,Eritrea,F,01/01/2002,50.6,50.2,52.2,18.8,55.2,54.7,36.3,49.5,62.5,50.3,52.2,44.9,56.4,56.5,43.7
4,Eswatini,F,01/01/2006,17.0,6.3,5.7,1.4,12.2,14.9,10.0,7.4,15.4,13.5,7.5,14.8,7.3,13.0,6.1
4,Eswatini,M,01/01/2006,21.5,9.0,6.9,5.1,12.2,21.0,13.3,11.3,21.4,18.9,7.0,19.1,10.9,17.4,9.6
4,Ethiopia,F,01/01/2016,45.0,48.7,49.5,19.6,54.5,47.7,31.2,40.7,53.1,47.7,50.8,39.8,45.4,52.7,29.0
4,Ethiopia,M,01/01/2016,21.8,15.9,19.0,7.5,25.9,19.3,13.0,11.6,23.4,14.9,18.0,20.2,26.6,21.2,10.6
4,Gabon,F,01/01/2012,45.0,36.6,37.3,17.1,50.2,46.2,41.1,38.2,48.3,40.8,40.6,38.5,43.8,49.7,39.0
4,Gabon,M,01/01/2012,32.8,31.2,22.9,16.4,26.3,28.3,32.4,28.5,37.8,29.3,27.3,30.5,30.7,35.4,28.1
4,Gambia,F,01/01/2013,36.3,34.1,34.8,12.8,42.1,40.9,27.3,39.8,44.6,30.4,38.1,30.5,25.4,50.4,23.4
4,Gambia,M,01/01/2013,22.4,16.9,14.5,10.2,19.9,23.0,18.8,16.8,30.5,20.6,14.8,21.5,17.7,24.4,15.6
4,Ghana,F,01/01/2014,23.6,18.9,20.2,3.1,36.6,26.1,16.1,17.8,30.2,22.6,22.4,19.7,17.1,28.1,14.8
4,Ghana,M,01/01/2014,11.8,7.6,5.4,1.8,15.7,12.8,7.6,8.1,13.6,6.7,6.4,10.6,5.7,11.4,5.8
4,Guatemala,F,01/01/2014,8.2,6.7,7.6,0.5,11.9,9.9,3.8,6.3,9.4,8.7,7.8,7.3,7.0,10.0,4.6
4,Guatemala,M,01/01/2014,6.6,2.5,2.5,1.1,5.1,4.9,4.1,3.9,7.2,6.9,2.7,6.5,3.3,4.8,3.7
4,Guinea,F,01/01/2018,50.4,53.6,53.7,32.9,55.8,49.7,44.1,49.3,58.5,49.1,55.9,43.0,47.1,56.1,46.1
4,Guinea,M,01/01/2018,43.3,43.8,42.9,30.9,50.2,43.0,37.5,44.3,42.6,41.9,43.9,42.6,50.9,47.7,37.6
4,Guyana,F,01/01/2009,11.7,11.2,11.9,2.6,10.4,18.3,11.0,8.9,21.3,13.2,13.3,9.1,10.3,14.0,6.0
4,Guyana,M,01/01/2009,16.9,9.6,12.7,6.2,24.8,19.0,12.1,12.8,25.3,14.5,11.8,15.4,12.1,15.0,8.5
4,Haiti,F,01/01/2016,12.4,8.3,8.5,1.2,13.1,13.9,8.3,9.2,8.6,11.3,9.4,11.1,9.6,11.7,8.2
4,Haiti,M,01/01/2016,8.9,4.1,3.6,1.8,4.4,8.2,6.0,5.2,4.5,8.8,4.0,7.6,5.6,5.2,7.2
4,Honduras,F,01/01/2011,10.1,8.8,9.3,1.1,18.2,13.2,5.5,8.7,14.1,9.8,9.5,8.8,10.6,12.7,6.7
4,Honduras,M,01/01/2011,10.2,4.8,5.4,0.8,12.2,8.9,5.1,7.0,11.3,4.9,4.5,10.3,11.0,8.9,5.4
4,India,F,01/01/2015,30.4,32.8,35.1,25.2,37.2,35.1,31.9,38.7,37.3,30.3,34.0,28.1,36.9,34.5,29.7
4,India,M,01/01/2015,20.7,19.9,18.9,16.0,24.9,22.4,19.5,19.8,24.0,18.2,19.3,20.7,22.2,21.0,18.0
4,Indonesia,F,01/01/2012,34.3,27.6,22.0,21.1,19.9,27.3,29.2,25.2,29.5,28.9,26.4,31.2,23.9,31.1,23.8
4,Indonesia,M,01/01/2012,18.3,15.0,10.7,8.4,13.9,13.6,12.8,12.6,13.1,2.4,12.6,,,14.5,10.7
4,Jordan,F,01/01/2017,5.8,7.3,6.6,4.1,18.7,13.0,7.2,,4.6,7.1,6.9,,4.4,8.7,6.5
4,Jordan,M,01/01/2017,15.6,13.5,9.6,11.7,19.8,9.0,14.2,,10.8,16.1,9.8,15.4,17.2,24.4,11.8
4,Kenya,F,01/01/2014,33.1,31.7,35.4,11.3,49.4,39.0,28.3,30.5,42.7,33.9,34.6,30.1,34.6,39.5,24.2
4,Kenya,M,01/01/2014,27.9,28.6,25.3,18.6,51.1,30.3,24.8,27.1,35.5,23.5,27.5,27.0,29.2,27.7,26.9
4,Kyrgyz Republic,F,01/01/2012,21.8,29.1,27.1,19.1,,41.4,30.6,20.3,31.1,27.6,31.0,15.6,17.2,30.8,16.9
4,Kyrgyz Republic,M,01/01/2012,42.2,49.9,43.1,45.2,,,44.6,48.4,19.9,40.5,43.6,45.5,57.0,46.5,41.2
4,Lesotho,F,01/01/2014,27.5,17.7,18.3,2.3,29.6,30.4,18.9,16.1,28.0,25.6,20.5,25.1,20.1,25.6,15.7
4,Lesotho,M,01/01/2014,31.7,23.2,18.8,10.4,35.9,32.7,19.8,20.9,34.2,29.5,22.7,29.6,15.8,28.6,21.5
4,Liberia,F,01/01/2013,34.5,31.1,30.3,14.0,34.5,37.1,27.6,31.3,31.9,33.3,33.5,31.3,27.9,35.8,29.9
4,Liberia,M,01/01/2013,18.0,13.2,11.7,7.6,18.7,18.1,12.7,14.8,18.8,11.5,12.1,17.5,17.3,17.6,12.4
4,Madagascar,F,01/01/2008,30.0,27.8,26.2,16.6,25.1,28.0,31.5,25.8,31.2,28.8,28.2,29.2,26.6,27.3,32.5
4,Madagascar,M,01/01/2008,27.1,23.9,20.8,13.4,23.7,25.1,24.1,21.1,28.3,26.2,23.5,25.8,23.4,23.7,26.8
4,Malawi,F,01/01/2015,10.5,7.6,7.4,1.6,9.0,9.9,6.5,8.9,8.7,8.8,8.5,10.0,8.4,9.5,5.4
4,Malawi,M,01/01/2015,10.6,3.3,2.7,1.5,3.9,8.0,4.7,4.6,7.6,11.1,3.5,10.7,3.1,6.9,4.2
4,Maldives,F,01/01/2016,21.2,14.6,12.7,13.3,7.5,14.9,18.1,17.3,14.3,14.8,15.0,19.8,13.4,14.8,17.4
4,Maldives,M,01/01/2016,19.5,13.2,9.3,7.4,8.2,12.7,17.0,13.2,12.0,20.2,10.5,19.2,17.5,14.8,12.6
4,Mali,F,01/01/2018,50.3,53.1,52.0,28.2,54.8,54.4,42.0,52.4,57.3,48.8,54.2,40.1,44.1,54.9,42.9
4,Mali,M,01/01/2018,27.3,23.8,24.1,8.5,26.3,30.7,23.8,21.6,32.5,14.4,24.8,26.0,11.1,28.4,16.2
4,Moldova,F,01/01/2005,18.9,17.3,17.5,6.3,,31.6,20.9,15.1,25.1,20.0,18.2,17.3,17.8,22.3,12.0
4,Moldova,M,01/01/2005,20.8,16.5,17.8,7.4,,,20.7,17.6,28.3,18.4,15.2,22.0,36.8,22.2,13.7
4,Morocco,F,01/01/2003,49.8,48.3,49.8,10.6,65.3,49.3,25.7,35.7,75.6,50.8,53.4,44.1,51.6,70.0,35.9
4,Mozambique,F,01/01/2015,4.3,3.7,4.7,1.0,3.4,4.8,4.3,5.1,5.8,3.3,4.0,5.0,4.5,4.1,4.5
4,Mozambique,M,01/01/2015,9.7,6.5,5.2,0.4,10.8,8.4,5.6,7.0,10.3,6.9,6.9,8.7,6.9,7.7,7.2
4,Myanmar,F,01/01/2015,43.4,42.5,40.8,26.4,41.8,45.2,43.0,42.9,45.0,39.4,42.1,41.3,45.2,44.8,35.4
4,Myanmar,M,01/01/2015,46.2,39.8,35.0,32.6,29.6,38.7,44.4,39.6,41.1,40.4,36.6,44.9,45.5,39.0,41.5
4,Namibia,F,01/01/2013,19.1,20.7,20.1,6.1,29.6,27.8,19.0,17.1,28.1,21.5,21.2,18.4,26.5,26.1,15.1
4,Namibia,M,01/01/2013,16.2,12.0,13.9,8.1,14.9,19.6,13.2,14.2,24.6,14.1,10.0,16.1,15.0,17.7,11.8
4,Nepal,F,01/01/2016,25.8,24.5,22.6,15.3,25.1,26.8,26.4,24.3,24.0,25.0,23.9,26.1,26.1,25.3,23.8
4,Nepal,M,01/01/2016,24.0,15.8,14.7,8.1,24.9,22.7,20.4,16.5,23.7,22.6,15.7,23.9,38.8,18.1,18.9
4,Nicaragua,F,01/01/2001,7.8,11.4,9.9,2.3,16.7,12.4,5.3,9.8,10.1,9.1,12.4,0.0,13.8,13.4,7.2
4,Niger,F,01/01/2012,40.9,43.9,40.8,5.6,43.4,41.0,31.4,41.7,48.3,41.8,43.4,29.6,33.7,46.0,24.8
4,Niger,M,01/01/2012,22.6,13.3,11.3,5.1,13.6,20.2,18.5,13.0,17.5,21.5,12.0,22.5,16.2,15.9,14.7
4,Nigeria,F,01/01/2013,25.2,24.8,23.6,11.6,28.0,28.7,22.3,24.2,37.0,23.3,25.7,21.0,26.0,29.0,18.6
4,Nigeria,M,01/01/2013,15.6,13.8,12.0,7.3,13.8,15.8,15.1,13.7,20.6,11.5,12.7,14.8,20.2,16.0,11.1
4,Pakistan,F,01/01/2017,31.1,27.8,26.1,9.4,38.3,25.6,16.4,32.9,43.5,26.1,27.8,,27.9,34.8,15.8
4,Pakistan,M,01/01/2017,22.1,18.6,18.3,7.8,28.0,20.3,17.0,18.8,22.7,15.6,18.5,,33.1,22.8,12.8
4,Peru,F,01/01/2012,2.6,1.7,2.4,0.9,4.1,4.2,2.0,2.1,4.4,1.7,2.2,2.3,2.3,3.9,1.7
4,Philippines,F,01/01/2017,9.5,8.2,7.9,6.3,14.5,12.5,9.1,7.1,11.4,9.4,8.7,8.4,9.0,10.6,6.5
4,Rwanda,F,01/01/2014,32.1,28.2,27.2,6.5,31.3,30.9,26.8,27.7,35.0,24.8,27.8,31.0,31.8,32.7,15.8
4,Rwanda,M,01/01/2014,15.9,10.4,8.6,3.9,14.9,12.3,12.4,11.8,12.8,13.7,10.0,14.4,14.3,12.7,10.2
4,Sao Tome and Principe,F,01/01/2008,13.1,10.9,10.8,,14.5,13.2,8.9,11.7,19.1,11.3,11.6,12.1,11.5,11.8,11.7
4,Sao Tome and Principe,M,01/01/2008,15.9,13.6,11.5,3.8,18.4,17.5,9.7,14.2,15.4,12.6,12.9,14.9,15.0,17.7,10.1
4,Senegal,F,01/01/2017,35.4,34.9,35.8,8.4,46.8,29.8,24.7,32.8,44.7,35.0,40.2,26.7,24.5,47.1,23.5
4,Senegal,M,01/01/2017,22.8,12.9,11.4,3.1,20.9,15.8,16.8,13.1,25.7,13.6,13.8,18.9,12.2,24.3,10.4
4,Sierra Leone,F,01/01/2013,49.1,55.7,55.0,24.2,59.3,50.9,44.2,51.4,60.6,41.7,57.5,43.0,50.3,57.5,44.6
4,Sierra Leone,M,01/01/2013,21.3,23.8,22.0,10.9,26.9,20.2,20.1,25.3,21.8,15.9,23.6,20.4,26.2,25.8,16.6
4,South Africa,F,01/01/2016,4.7,3.4,3.4,0.6,2.8,6.9,4.0,3.1,8.6,4.2,3.3,4.0,5.7,5.5,3.0
4,South Africa,M,01/01/2016,9.9,4.5,2.8,3.2,8.2,7.5,6.2,4.3,,7.9,2.8,7.5,6.7,10.1,4.2
4,Tajikistan,F,01/01/2017,43.1,55.3,52.4,36.6,58.3,56.8,52.4,44.1,51.5,51.5,55.7,31.5,48.5,52.7,41.7
4,Tanzania,F,01/01/2015,48.1,46.9,48.5,9.9,55.4,51.2,35.9,44.4,56.0,44.1,50.1,41.8,49.1,51.7,41.2
4,Tanzania,M,01/01/2015,37.8,25.1,25.7,8.4,30.9,33.0,27.4,29.3,38.6,31.9,25.9,35.3,41.3,32.3,28.0
4,Timor-Leste,F,01/01/2016,61.4,65.5,62.0,63.6,66.5,62.5,61.1,62.5,74.4,59.6,65.5,58.6,57.9,63.7,60.9
4,Timor-Leste,M,01/01/2016,44.3,48.7,45.9,59.9,40.7,42.9,45.7,57.6,36.9,42.3,48.9,43.1,48.4,38.3,61.0
4,Togo,F,01/01/2013,17.6,19.6,19.6,4.5,27.2,17.5,13.6,18.8,24.4,16.0,20.7,14.3,19.6,24.4,12.3
4,Togo,M,01/01/2013,12.2,11.9,11.1,4.2,21.8,14.4,9.5,11.1,19.7,7.4,12.3,11.1,12.4,15.6,6.9
4,Turkey,F,01/01/2013,6.1,8.1,11.5,2.6,25.3,12.3,5.6,,,8.8,10.3,5.3,8.6,15.3,7.2
4,Turkmenistan,F,01/01/2000,38.9,46.3,46.9,23.4,47.7,44.6,45.1,40.6,58.3,46.4,48.4,35.0,40.7,48.8,37.6
4,Uganda,F,01/01/2016,42.0,36.3,35.2,17.7,43.6,42.8,33.2,36.3,47.0,36.7,38.3,39.1,38.1,41.4,30.6
4,Uganda,M,01/01/2016,35.9,23.1,21.1,13.5,28.3,33.4,24.9,28.0,27.2,36.6,22.9,34.5,34.3,30.5,21.9
4,Ukraine,F,01/01/2007,2.3,2.8,3.7,2.4,,,4.1,3.2,5.3,2.8,3.4,2.1,3.1,4.0,2.7
4,Ukraine,M,01/01/2007,6.4,11.9,8.8,6.7,,,11.2,9.2,9.9,8.0,7.0,9.3,19.0,10.5,8.4
4,Yemen,F,01/01/2013,29.1,29.7,32.0,9.6,37.6,29.8,17.4,22.0,42.4,29.9,31.3,27.7,29.3,35.5,19.0
4,Zambia,F,01/01/2013,34.0,32.4,32.5,10.5,37.2,38.8,28.4,33.1,45.7,28.1,34.3,30.4,33.3,40.9,24.0
4,Zambia,M,01/01/2013,24.7,17.8,14.6,5.7,19.3,24.1,18.5,18.2,24.6,19.8,17.0,23.0,19.0,23.4,15.6
4,Zimbabwe,F,01/01/2015,27.4,18.8,16.0,4.6,33.3,26.3,21.1,18.8,24.8,23.6,20.1,25.2,19.8,24.3,16.7
4,Zimbabwe,M,01/01/2015,24.5,15.8,11.3,8.2,30.5,23.6,18.0,16.1,21.7,22.0,13.8,23.2,18.3,20.1,15.0
5,Afghanistan,F,01/01/2015,32.1,34.3,33.5,10.8,34.2,35.9,26.6,32.5,31.4,33.7,33.5,,29.1,35.2,27.4
5,Afghanistan,M,01/01/2015,21.3,18.5,20.1,11.9,23.2,17.4,15.9,18.9,27.8,17.0,19.7,,5.0,21.9,12.0
5,Albania,F,01/01/2017,0.6,1.1,1.0,0.1,6.3,1.5,0.6,0.7,3.0,0.8,1.0,0.5,1.1,1.6,0.5
5,Albania,M,01/01/2017,3.0,2.5,1.1,0.7,13.8,3.1,1.7,1.3,0.9,3.5,1.3,2.8,4.6,2.2,2.0
5,Angola,F,01/01/2015,10.0,11.6,14.0,2.5,19.9,14.2,5.3,12.4,14.7,8.2,12.5,8.6,16.2,21.3,7.2
5,Angola,M,01/01/2015,6.3,5.5,4.4,0.6,11.2,7.6,4.4,5.2,7.3,5.4,5.1,5.8,9.8,9.3,4.1
5,Armenia,F,01/01/2015,0.6,0.9,0.8,0.3,,1.5,1.2,1.1,0.6,0.6,0.9,0.5,0.8,1.2,0.5
5,Armenia,M,01/01/2015,1.0,1.4,2.3,0.8,,2.4,2.2,1.5,6.0,1.5,1.5,1.4,9.1,2.2,1.2
5,Azerbaijan,F,01/01/2006,11.7,15.3,15.6,2.8,37.4,26.0,15.5,10.8,23.4,14.8,17.1,8.9,11.3,21.5,8.6
5,Azerbaijan,M,01/01/2006,15.2,10.3,9.7,5.2,,,13.2,11.7,4.6,12.8,10.1,14.1,10.9,17.2,7.4
5,Bangladesh,F,01/01/2014,5.9,7.4,8.1,1.7,10.2,8.9,5.1,8.0,8.2,6.7,7.0,,10.9,7.8,5.8
5,Benin,F,01/01/2017,11.4,12.9,14.5,1.4,16.5,10.6,6.5,12.9,11.1,13.5,14.2,8.4,13.1,14.4,10.6
5,Benin,M,01/01/2017,7.7,7.9,5.1,0.7,11.1,6.0,4.6,7.2,9.3,3.8,6.3,7.8,7.6,8.8,4.6
5,Bolivia,F,01/01/2008,1.8,2.1,2.9,0.8,4.6,3.2,1.6,2.3,3.2,1.7,2.5,1.7,2.5,3.5,1.6
5,Burkina Faso,F,01/01/2010,17.7,19.6,22.3,0.0,22.7,15.2,6.8,16.1,18.9,27.7,21.5,12.4,13.6,22.5,12.0
5,Burkina Faso,M,01/01/2010,12.7,9.2,10.4,0.7,13.6,8.1,6.7,9.1,13.5,6.7,10.1,12.1,11.6,13.2,5.4
5,Burundi,F,01/01/2016,40.9,41.3,43.7,8.2,47.9,44.3,29.9,44.1,43.9,29.3,42.3,38.4,52.2,44.1,25.9
5,Burundi,M,01/01/2016,18.7,9.9,9.6,1.5,13.2,14.8,12.6,12.6,13.5,20.6,9.8,17.6,22.8,14.4,8.1
5,Cambodia,F,01/01/2014,8.9,11.0,18.6,0.8,20.1,15.5,8.0,13.1,15.6,10.8,14.1,8.3,16.0,14.2,6.3
5,Cambodia,M,01/01/2014,3.6,2.3,5.7,0.7,2.7,5.6,3.0,3.8,5.4,3.0,3.7,4.0,7.2,4.3,1.6
5,Cameroon,F,01/01/2011,12.4,13.8,17.1,1.3,25.6,17.2,7.5,15.0,13.8,12.6,16.8,8.5,12.2,20.7,8.4
5,Cameroon,M,01/01/2011,8.6,7.3,6.6,1.7,13.7,10.7,5.9,7.9,8.1,6.1,7.4,7.8,10.1,11.6,4.6
5,Chad,F,01/01/2014,37.2,43.3,42.2,21.8,41.5,43.2,33.6,45.7,40.1,37.0,43.7,26.5,40.8,42.6,34.2
5,Chad,M,01/01/2014,25.9,22.9,21.5,9.3,24.6,25.0,23.5,23.7,24.2,22.9,22.3,25.2,32.6,26.1,18.2
5,Colombia,F,01/01/2015,1.1,0.8,1.3,0.9,2.9,1.4,1.1,1.0,2.0,1.1,1.0,1.2,1.3,1.4,1.0
5,Colombia,M,01/01/2015,1.6,1.1,1.2,0.7,4.2,2.1,1.3,1.2,3.3,1.8,1.2,1.4,1.2,2.1,1.1
5,Comoros,F,01/01/2012,20.6,19.9,19.0,12.9,22.7,22.7,18.3,20.7,27.5,17.8,20.6,19.3,17.8,23.4,13.1
5,Comoros,M,01/01/2012,10.1,9.5,3.8,2.0,10.9,7.9,8.7,6.8,8.2,10.4,4.8,11.7,11.0,8.3,7.5
5,Congo,F,01/01/2011,24.9,25.9,28.9,14.4,35.1,31.4,24.6,27.3,32.1,23.4,28.2,20.7,28.5,33.3,23.1
5,Congo,M,01/01/2011,15.1,14.1,10.2,11.8,9.3,18.0,12.4,12.8,7.8,15.8,11.7,14.8,12.9,16.8,11.6
5,Congo Democratic Republic,F,01/01/2013,40.8,46.1,44.4,18.4,50.7,49.3,38.1,46.1,44.3,37.4,47.0,33.6,46.5,48.4,35.6
5,Congo Democratic Republic,M,01/01/2013,26.6,21.4,20.8,6.7,30.8,29.7,23.0,22.9,20.1,26.4,21.4,25.6,26.6,27.7,16.1
5,Cote d'Ivoire,F,01/01/2011,20.2,21.4,23.6,2.9,28.3,18.2,9.3,22.9,23.9,17.4,25.0,14.9,18.3,26.5,16.8
5,Cote d'Ivoire,M,01/01/2011,14.1,11.4,9.1,1.3,15.9,14.4,7.4,11.1,17.0,9.5,11.1,12.6,9.6,14.7,9.0
5,Dominican Republic,F,01/01/2013,0.5,0.3,0.3,0.2,2.1,0.6,0.3,0.3,0.6,0.5,0.4,0.5,0.3,0.6,0.3
5,Dominican Republic,M,01/01/2013,0.8,0.9,0.2,0.3,0.9,0.9,0.5,,,0.6,0.4,0.9,0.6,0.9,0.5
5,Egypt,F,01/01/2014,20.6,18.3,21.2,6.7,33.4,28.6,15.4,13.2,39.4,20.5,19.9,,20.2,25.1,10.2
5,Eritrea,F,01/01/2002,43.6,48.3,53.1,9.0,58.3,47.3,23.8,39.8,59.5,48.7,52.6,32.8,51.5,58.1,34.3
5,Eswatini,F,01/01/2006,3.2,3.2,3.6,0.3,7.6,5.8,1.5,2.9,3.6,3.6,3.6,2.5,6.8,3.9,1.6
5,Eswatini,M,01/01/2006,4.4,2.6,3.2,1.5,6.1,6.3,1.9,3.0,5.7,4.2,2.4,4.1,6.1,4.2,2.5
5,Ethiopia,F,01/01/2016,29.1,37.5,39.4,5.6,44.0,32.9,16.1,25.7,41.4,35.4,39.4,23.6,32.7,40.2,15.4
5,Ethiopia,M,01/01/2016,14.1,11.4,11.9,4.3,17.4,13.3,6.4,8.0,15.3,9.0,12.1,12.7,21.0,14.3,5.9
5,Gabon,F,01/01/2012,6.0,9.5,12.2,2.2,23.2,16.3,6.4,10.4,12.3,7.1,11.3,4.6,10.7,16.2,7.9
5,Gabon,M,01/01/2012,7.4,5.1,5.0,1.7,15.7,7.3,5.5,5.4,6.8,7.1,5.0,7.2,3.6,6.7,5.8
5,Gambia,F,01/01/2013,42.5,46.0,47.1,17.4,54.7,53.3,32.0,49.6,51.4,39.7,50.1,33.6,36.6,59.5,33.1
5,Gambia,M,01/01/2013,23.4,16.3,14.8,4.6,23.4,26.4,17.4,18.2,25.7,20.0,15.1,22.0,16.1,24.7,16.0
5,Ghana,F,01/01/2014,12.0,12.5,12.1,1.1,29.0,14.0,7.2,9.7,21.2,12.4,14.7,9.0,8.3,18.0,7.2
5,Ghana,M,01/01/2014,7.0,3.4,3.5,1.5,12.8,6.7,3.8,4.4,6.2,5.6,3.5,6.1,3.8,6.6,3.2
5,Guatemala,F,01/01/2014,2.5,2.1,2.6,0.1,4.4,3.4,0.5,1.9,2.8,2.8,2.4,2.4,2.6,3.4,1.2
5,Guatemala,M,01/01/2014,1.7,1.2,1.3,0.4,1.0,1.8,1.4,1.4,1.6,2.5,1.4,1.6,1.6,1.6,1.3
5,Guinea,F,01/01/2018,42.3,51.5,51.0,25.4,51.9,45.7,35.8,47.4,49.2,46.2,53.0,33.3,43.8,52.2,40.1
5,Guinea,M,01/01/2018,26.0,24.4,25.9,10.7,34.0,27.5,17.0,25.5,27.1,21.7,25.4,25.4,37.6,29.2,20.7
5,Guyana,F,01/01/2009,3.3,4.9,4.9,0.4,3.8,7.2,4.1,3.2,13.9,4.8,5.5,2.6,3.0,5.7,1.2
5,Guyana,M,01/01/2009,4.6,3.3,2.8,2.2,4.9,5.6,3.1,3.5,5.3,3.8,2.7,4.3,5.0,4.0,2.3
5,Haiti,F,01/01/2016,4.7,4.1,5.5,0.2,9.8,6.9,2.8,4.6,6.3,4.9,5.0,4.3,5.7,6.4,2.9
5,Haiti,M,01/01/2016,3.3,1.8,1.9,0.5,3.2,4.4,1.7,2.1,3.0,3.4,1.9,2.8,3.2,3.1,1.8
5,Honduras,F,01/01/2011,2.3,2.0,2.6,0.4,6.8,3.4,0.9,2.1,3.8,2.5,2.4,2.5,1.8,3.4,1.4
5,Honduras,M,01/01/2011,4.1,1.5,1.1,0.4,4.2,3.4,1.0,2.4,4.1,0.7,1.4,3.8,3.1,3.0,1.8
5,India,F,01/01/2015,11.4,13.4,15.1,8.1,17.6,15.3,11.9,15.2,17.8,12.3,14.3,9.7,16.3,14.6,11.0
5,India,M,01/01/2015,10.3,8.6,8.1,6.6,13.1,10.9,8.6,8.8,10.9,8.9,8.2,10.3,11.9,9.8,7.8
5,Indonesia,F,01/01/2012,10.3,8.7,8.1,5.9,8.4,10.9,8.4,8.5,11.0,8.7,8.8,9.0,11.2,11.5,6.6
5,Indonesia,M,01/01/2012,3.7,3.4,3.0,1.1,6.2,4.2,2.9,3.0,5.4,4.2,3.2,,,4.3,2.1
5,Kenya,F,01/01/2014,12.2,14.4,19.9,2.5,36.0,19.0,8.8,13.8,22.6,14.1,17.3,9.6,17.5,19.9,8.1
5,Kenya,M,01/01/2014,10.6,9.6,9.2,4.1,34.8,11.7,7.6,9.2,13.5,10.4,9.6,10.1,10.1,10.9,8.6
5,Kyrgyz Republic,F,01/01/2012,4.5,9.5,8.8,5.2,,3.9,9.0,5.7,6.3,8.0,9.6,2.2,6.8,9.4,3.9
5,Kyrgyz Republic,M,01/01/2012,7.0,5.5,4.5,4.8,,,6.2,4.9,5.1,8.3,4.1,7.7,9.6,5.3,6.3
5,Lesotho,F,01/01/2014,10.3,8.3,9.4,0.5,15.0,15.6,6.2,6.0,10.3,11.8,10.9,7.3,8.7,12.1,4.8
5,Lesotho,M,01/01/2014,9.6,7.9,10.0,2.1,19.7,13.0,4.2,6.0,13.8,11.7,9.4,9.2,8.2,11.4,5.1
5,Liberia,F,01/01/2013,10.2,11.0,11.0,6.5,13.4,11.6,7.5,9.9,8.8,12.3,11.8,8.7,10.9,12.8,9.4
5,Liberia,M,01/01/2013,5.3,3.5,3.1,0.0,8.7,5.3,2.9,4.2,4.0,3.9,3.2,5.5,0.9,5.6,3.0
5,Madagascar,F,01/01/2008,9.7,9.1,8.7,2.1,10.6,9.9,7.7,8.5,11.2,6.9,9.4,7.9,10.0,9.3,8.7
5,Madagascar,M,01/01/2008,9.3,8.4,6.3,1.1,10.4,8.8,6.6,6.5,10.4,8.4,7.4,9.0,11.4,8.3,7.1
5,Malawi,F,01/01/2015,8.7,8.0,8.2,0.7,10.7,9.5,4.9,8.4,8.6,8.0,8.6,7.3,8.5,9.3,4.1
5,Malawi,M,01/01/2015,7.3,3.5,2.2,0.6,5.0,6.4,2.6,4.1,5.4,6.6,3.3,7.1,3.5,5.6,1.4
5,Maldives,F,01/01/2016,10.2,9.1,11.2,7.4,13.3,12.7,9.9,10.2,16.7,9.9,10.3,9.7,10.4,10.7,9.4
5,Maldives,M,01/01/2016,6.7,4.2,3.4,2.5,1.7,5.1,5.6,4.3,7.0,7.4,3.3,6.8,5.8,5.1,4.0
5,Mali,F,01/01/2018,59.4,64.5,65.5,34.9,66.7,65.4,51.0,64.9,66.7,59.3,66.1,48.0,52.0,65.8,54.6
5,Mali,M,01/01/2018,26.6,21.2,23.2,3.1,27.8,27.8,18.7,20.8,30.6,11.8,23.0,25.1,25.7,28.7,10.5
5,Moldova,F,01/01/2005,2.4,2.9,3.6,0.7,,18.5,3.5,2.6,5.8,3.0,3.4,2.2,2.3,4.0,1.7
5,Moldova,M,01/01/2005,3.9,2.7,3.8,0.6,,,4.0,3.6,6.4,3.0,3.1,3.6,9.6,4.6,2.2
5,Morocco,F,01/01/2003,39.0,41.8,47.9,9.4,58.9,40.6,19.3,32.6,68.7,43.5,48.5,34.6,51.3,61.9,30.3
5,Mozambique,F,01/01/2015,4.9,5.4,6.0,1.0,5.2,6.4,3.5,5.3,7.2,4.8,5.5,3.7,6.4,6.2,3.9
5,Mozambique,M,01/01/2015,7.6,6.6,5.4,1.3,10.1,8.1,3.8,6.4,6.9,7.5,6.2,7.5,7.7,8.0,4.7
5,Myanmar,F,01/01/2015,9.3,9.7,11.7,4.3,14.2,12.4,8.6,10.3,12.1,10.2,11.0,8.7,13.8,11.7,7.4
5,Myanmar,M,01/01/2015,14.6,8.8,7.7,5.5,9.5,9.9,11.1,9.7,12.7,11.9,7.2,15.3,10.3,9.5,11.6
5,Namibia,F,01/01/2013,6.2,9.3,8.6,1.8,17.4,14.4,6.1,5.9,13.3,8.9,10.7,5.6,13.2,11.6,4.9
5,Namibia,M,01/01/2013,3.6,3.1,1.5,3.0,1.1,5.4,2.1,2.5,7.1,3.3,1.2,3.6,3.0,4.4,1.8
5,Nepal,F,01/01/2016,2.5,3.0,3.7,0.8,4.6,4.3,1.8,3.1,2.8,3.2,3.2,2.1,4.9,3.8,2.6
5,Nepal,M,01/01/2016,4.9,3.0,3.2,1.1,7.4,5.6,3.6,3.2,5.0,5.1,3.0,5.4,3.3,4.9,3.2
5,Nicaragua,F,01/01/2001,1.8,3.9,3.3,0.5,6.4,3.8,1.0,2.3,3.6,3.2,4.0,0.0,3.2,4.8,1.7
5,Niger,F,01/01/2012,46.4,52.2,51.8,2.1,51.4,52.5,36.8,53.0,51.7,48.9,52.0,31.0,44.1,54.0,33.2
5,Niger,M,01/01/2012,19.5,11.7,10.7,0.0,13.1,17.9,13.9,11.5,16.6,14.6,11.2,18.7,19.4,14.8,11.0
5,Nigeria,F,01/01/2013,18.2,19.7,18.5,7.0,27.8,19.1,12.2,18.2,24.3,18.9,21.5,10.9,17.4,25.0,10.3
5,Nigeria,M,01/01/2013,11.4,11.4,10.6,6.2,18.3,12.5,9.0,11.1,20.9,7.0,11.5,10.7,12.6,14.6,6.7
5,Pakistan,F,01/01/2017,28.9,26.7,27.3,7.7,38.7,24.8,15.2,30.6,45.0,26.0,27.5,,25.2,34.7,14.8
5,Pakistan,M,01/01/2017,12.9,8.8,9.2,2.5,18.6,9.3,6.6,9.5,15.2,4.0,9.4,,11.3,13.2,3.8
5,Peru,F,01/01/2012,0.6,0.4,0.8,0.4,1.6,1.0,0.5,0.6,1.1,0.6,0.7,0.6,0.4,1.0,0.5
5,Philippines,F,01/01/2017,1.6,1.3,1.1,0.8,2.6,1.9,1.6,1.0,1.6,1.6,1.1,1.7,1.2,1.6,1.1
5,Rwanda,F,01/01/2014,24.7,23.8,24.8,3.3,31.4,26.0,18.0,24.6,26.1,20.1,23.4,24.3,29.7,27.1,13.1
5,Rwanda,M,01/01/2014,9.3,6.0,3.5,1.0,8.0,7.0,6.3,6.4,6.1,8.8,4.7,8.6,10.3,7.5,3.5
5,Sao Tome and Principe,F,01/01/2008,4.3,7.6,5.2,,12.0,6.6,3.0,5.2,10.4,5.9,6.6,3.9,3.3,6.5,4.9
5,Sao Tome and Principe,M,01/01/2008,5.8,3.8,6.6,7.7,7.7,6.2,4.3,5.7,3.5,4.9,4.7,6.0,6.2,6.3,4.6
5,Senegal,F,01/01/2017,33.1,35.6,37.8,2.9,50.7,28.3,19.4,33.4,44.6,33.9,42.7,20.3,27.1,50.5,19.6
5,Senegal,M,01/01/2017,15.4,9.5,6.7,0.8,15.7,11.7,8.8,8.7,19.0,6.0,9.2,12.7,8.7,17.9,5.5
5,Sierra Leone,F,01/01/2013,21.6,28.2,28.8,6.0,32.0,24.2,16.1,26.2,30.2,17.9,30.5,16.0,21.2,30.7,16.9
5,Sierra Leone,M,01/01/2013,9.4,10.2,9.3,4.7,11.8,10.0,8.0,10.3,10.1,7.0,10.0,9.2,7.9,11.1,7.1
5,South Africa,F,01/01/2016,1.0,0.8,1.1,0.1,2.2,1.9,1.0,0.8,0.7,1.1,1.0,0.8,1.9,1.5,0.7
5,South Africa,M,01/01/2016,2.1,0.9,1.7,0.7,1.1,2.5,1.6,1.6,,1.6,0.8,2.0,0.7,2.6,1.1
5,Tajikistan,F,01/01/2017,19.6,33.1,28.4,16.5,41.7,32.4,28.3,22.3,23.7,28.1,32.3,8.3,27.7,28.7,20.7
5,Tanzania,F,01/01/2015,26.9,31.3,34.5,1.2,41.9,34.1,14.5,26.6,40.3,25.2,33.8,21.0,32.9,35.7,21.2
5,Tanzania,M,01/01/2015,16.9,10.1,12.5,2.0,13.7,16.4,8.5,13.5,18.8,9.5,11.6,16.2,16.1,15.9,10.0
5,Timor-Leste,F,01/01/2016,31.2,39.7,37.6,30.9,42.0,40.5,32.5,34.4,44.5,33.5,39.8,28.5,38.4,38.4,30.1
5,Timor-Leste,M,01/01/2016,27.9,29.8,24.9,37.9,24.5,23.0,27.6,31.2,24.7,26.0,27.4,27.7,20.0,23.4,35.6
5,Togo,F,01/01/2013,7.8,10.8,10.3,0.8,16.5,8.1,5.1,9.6,11.9,8.2,10.9,6.5,8.4,12.6,6.0
5,Togo,M,01/01/2013,5.5,5.5,4.2,1.0,9.8,6.4,4.1,4.3,9.3,3.8,4.3,5.8,6.3,7.1,2.6
5,Turkey,F,01/01/2013,1.6,2.1,3.6,0.5,10.9,3.2,1.2,,,2.5,3.0,1.2,3.5,5.6,1.8
5,Turkmenistan,F,01/01/2000,16.6,22.0,25.7,6.6,34.1,29.9,21.9,18.7,43.9,23.1,24.8,14.2,19.4,24.4,17.2
5,Uganda,F,01/01/2016,18.6,16.4,19.1,4.0,24.6,22.1,10.7,16.4,25.5,15.8,18.5,16.6,19.0,20.8,10.4
5,Uganda,M,01/01/2016,15.1,7.9,9.8,1.9,11.5,16.1,7.2,11.5,11.3,15.4,9.2,14.3,15.6,13.2,7.0
5,Ukraine,F,01/01/2007,0.3,0.4,0.7,0.3,,,0.8,0.4,2.0,0.7,0.7,0.2,0.3,0.9,0.3
5,Ukraine,M,01/01/2007,1.3,2.2,2.0,1.4,,,2.2,1.8,1.2,2.2,1.4,2.1,3.4,2.7,1.5
5,Yemen,F,01/01/2013,28.7,33.8,37.6,12.3,42.0,30.2,19.4,25.9,47.3,32.2,35.9,26.2,33.2,37.7,22.0
5,Zambia,F,01/01/2013,25.5,29.9,32.7,3.5,39.2,36.7,20.8,28.7,45.5,22.5,31.8,20.4,34.0,37.5,18.8
5,Zambia,M,01/01/2013,12.0,9.5,9.7,1.7,10.9,15.2,8.3,10.0,12.2,10.9,10.0,11.2,12.3,13.2,7.7
5,Zimbabwe,F,01/01/2015,15.6,14.0,13.6,3.9,28.5,22.1,12.4,13.2,17.2,15.6,15.8,11.6,13.9,18.2,8.6
5,Zimbabwe,M,01/01/2015,8.0,4.7,4.1,2.9,16.2,8.6,5.5,5.2,7.5,7.0,4.4,7.8,4.7,7.2,3.7
6,Afghanistan,F,01/01/2015,80.1,81.5,79.0,61.1,81.0,79.8,76.0,80.2,86.9,80.1,80.6,,67.6,82.1,74.0
6,Afghanistan,M,01/01/2015,74.1,70.5,73.6,55.5,77.4,68.1,69.6,72.6,73.5,67.4,72.6,,48.8,76.1,59.9
6,Albania,F,01/01/2017,4.7,6.9,8.2,1.4,26.3,11.1,5.5,4.1,17.0,7.6,7.9,4.3,7.0,10.3,4.5
6,Albania,M,01/01/2017,10.9,11.3,11.8,5.4,26.6,14.6,11.2,10.8,9.6,12.4,11.7,10.6,29.7,12.9,10.2
6,Angola,F,01/01/2015,24.9,24.4,26.6,7.0,34.5,30.9,16.8,26.6,28.4,21.3,27.2,21.1,28.5,37.4,19.8
6,Angola,M,01/01/2015,23.4,18.5,15.7,3.9,26.7,26.2,18.1,19.7,23.6,19.0,19.1,20.6,25.1,26.7,17.5
6,Armenia,F,01/01/2015,8.7,10.4,10.8,6.6,,12.0,14.4,9.1,26.2,9.1,11.4,8.4,5.3,15.7,6.3
6,Armenia,M,01/01/2015,24.3,23.0,20.9,14.4,,30.3,27.9,22.2,47.0,20.7,21.3,23.2,42.3,32.3,15.1
6,Azerbaijan,F,01/01/2006,43.7,52.0,51.5,22.5,74.3,63.1,52.5,42.2,63.9,50.2,54.7,39.0,41.6,60.6,40.0
6,Azerbaijan,M,01/01/2006,63.5,58.9,53.9,52.5,,,59.9,59.4,45.3,58.5,54.8,63.9,62.5,62.2,55.4
6,Bangladesh,F,01/01/2014,27.9,27.7,29.2,13.4,33.0,31.7,25.8,28.8,29.2,28.0,28.1,,32.2,29.6,24.8
6,Benin,F,01/01/2017,29.8,32.7,33.7,4.7,37.3,29.4,23.2,33.1,30.6,29.3,34.0,25.7,31.3,36.6,25.4
6,Benin,M,01/01/2017,17.3,15.9,12.8,3.6,21.1,14.8,12.5,15.2,23.4,10.1,14.5,16.9,15.0,19.0,10.8
6,Bolivia,F,01/01/2008,15.6,15.0,17.6,5.7,23.4,20.3,15.3,16.1,19.4,14.4,16.7,14.9,15.9,20.1,14.0
6,Burkina Faso,F,01/01/2010,40.8,43.0,47.6,6.3,47.5,38.1,26.6,40.6,45.8,43.8,46.0,33.3,35.2,47.0,33.9
6,Burkina Faso,M,01/01/2010,37.1,31.7,32.7,15.0,37.7,33.5,25.6,27.0,44.0,22.8,32.7,35.9,39.5,38.9,22.8
6,Burundi,F,01/01/2016,62.7,61.1,61.2,22.2,65.9,63.9,53.9,64.1,63.0,52.0,61.2,60.9,69.1,64.0,46.5
6,Burundi,M,01/01/2016,43.7,31.0,26.3,5.3,35.8,38.6,31.2,33.1,36.4,41.9,29.2,41.5,45.9,36.5,26.1
6,Cambodia,F,01/01/2014,44.9,48.7,56.1,18.5,57.6,56.0,42.8,49.7,58.0,47.5,53.3,40.6,49.5,52.7,37.0
6,Cambodia,M,01/01/2014,24.9,23.9,29.4,4.9,35.5,32.2,22.6,26.8,27.5,16.3,27.0,23.8,29.7,28.8,12.6
6,Cameroon,F,01/01/2011,48.9,43.5,45.8,13.7,49.6,51.6,45.1,47.0,48.7,44.7,47.5,44.6,44.5,53.9,40.1
6,Cameroon,M,01/01/2011,42.9,36.5,34.5,23.6,37.3,43.7,38.6,39.2,36.6,36.6,36.7,40.5,40.0,43.5,34.9
6,Chad,F,01/01/2014,72.2,76.1,72.5,60.1,70.9,79.5,76.7,79.6,70.7,70.0,76.0,63.7,71.0,73.5,73.8
6,Chad,M,01/01/2014,53.2,50.5,46.8,36.6,50.2,53.0,50.6,51.9,48.2,51.8,48.4,53.1,55.3,51.6,47.9
6,Colombia,F,01/01/2015,3.2,2.7,3.4,1.6,12.7,5.7,3.1,2.7,5.5,3.9,3.3,2.8,3.0,5.8,2.4
6,Colombia,M,01/01/2015,4.8,3.7,4.0,1.7,13.2,7.5,4.1,4.1,7.5,4.2,4.0,4.3,4.3,6.8,3.4
6,Comoros,F,01/01/2012,42.5,36.0,36.6,23.7,39.7,41.8,40.7,39.7,49.7,36.0,38.7,40.5,34.1,43.3,30.3
6,Comoros,M,01/01/2012,26.0,14.1,8.4,6.8,18.7,18.1,19.1,12.3,23.8,22.7,10.5,25.4,20.3,18.9,14.3
6,Congo,F,01/01/2011,64.0,58.9,58.0,48.5,59.5,61.2,61.5,59.9,68.9,60.5,60.6,60.5,61.0,60.9,60.6
6,Congo,M,01/01/2011,48.9,42.9,36.2,29.4,32.3,44.6,45.3,41.9,29.6,49.6,40.0,46.1,42.3,43.1,42.7
6,Congo Democratic Republic,F,01/01/2013,76.3,75.2,71.8,49.8,75.4,76.2,75.4,77.1,69.6,72.0,76.1,72.1,72.7,75.7,73.2
6,Congo Democratic Republic,M,01/01/2013,67.6,60.8,52.2,41.7,63.9,64.9,62.1,59.6,57.6,67.8,56.5,67.0,59.9,61.4,60.4
6,Cote d'Ivoire,F,01/01/2011,50.6,46.3,45.9,17.8,51.3,50.1,39.5,48.5,52.4,44.0,50.4,44.4,40.5,53.1,43.0
6,Cote d'Ivoire,M,01/01/2011,49.0,42.8,32.2,19.1,44.7,45.9,40.5,40.7,45.5,44.4,37.4,46.6,43.2,43.7,40.3
6,Dominican Republic,F,01/01/2013,2.9,2.3,1.8,0.5,3.9,4.4,2.0,2.1,2.2,2.7,2.2,2.8,2.3,2.6,2.3
6,Dominican Republic,M,01/01/2013,6.2,3.6,2.2,0.9,10.4,6.6,2.7,,,4.2,2.7,5.8,4.4,4.6,4.0
6,Egypt,F,01/01/2014,40.5,33.7,35.5,13.3,53.1,47.2,31.3,24.1,62.3,37.0,35.8,,33.2,43.9,20.3
6,Eritrea,F,01/01/2002,69.4,70.1,73.0,32.1,77.5,73.9,50.3,65.5,82.8,70.9,73.1,61.4,75.9,77.9,61.1
6,Eswatini,F,01/01/2006,31.5,15.7,16.2,3.9,30.1,31.4,19.7,17.9,38.1,26.4,19.5,26.7,20.3,27.0,12.6
6,Eswatini,M,01/01/2006,41.7,21.9,16.7,10.4,28.0,40.9,28.5,24.8,37.7,38.1,18.7,37.3,25.7,35.5,20.6
6,Ethiopia,F,01/01/2016,60.3,63.9,65.8,26.1,71.9,63.7,41.9,54.6,71.3,62.5,66.6,53.7,63.6,69.8,39.2
6,Ethiopia,M,01/01/2016,31.4,23.4,27.4,11.2,36.0,29.0,18.0,17.5,33.6,20.9,26.7,28.2,40.9,30.8,15.1
6,Gabon,F,01/01/2012,55.0,46.2,47.9,24.1,58.7,59.0,50.7,48.8,57.7,50.5,51.3,47.8,53.3,60.9,48.9
6,Gabon,M,01/01/2012,44.1,41.5,33.3,23.5,37.4,40.1,43.6,39.5,44.1,39.6,38.6,40.3,42.8,46.5,38.7
6,Gambia,F,01/01/2013,57.6,58.7,59.6,28.2,67.8,66.8,47.1,63.8,67.2,52.8,62.9,50.0,46.9,72.7,47.1
6,Gambia,M,01/01/2013,38.8,30.5,25.0,15.4,35.2,41.9,32.5,30.3,47.4,35.4,26.6,37.2,26.4,40.8,28.3
6,Ghana,F,01/01/2014,31.8,25.3,27.5,4.2,47.1,34.7,22.6,23.9,41.1,30.7,29.7,27.0,24.5,36.7,21.0
6,Ghana,M,01/01/2014,18.8,10.2,8.8,3.1,23.5,18.4,12.0,11.9,19.9,13.7,10.0,16.3,7.6,16.9,9.4
6,Guatemala,F,01/01/2014,11.7,9.4,11.6,0.8,18.3,14.3,5.2,9.1,15.5,12.5,11.3,10.8,10.2,14.9,6.3
6,Guatemala,M,01/01/2014,10.5,4.5,4.9,1.8,8.7,8.1,7.2,6.6,10.5,12.7,4.9,10.5,6.2,8.3,6.1
6,Guinea,F,01/01/2018,65.1,69.4,67.9,46.8,70.9,65.3,57.8,66.0,69.9,65.6,71.2,57.0,61.8,70.8,61.3
6,Guinea,M,01/01/2018,56.0,57.1,53.2,39.9,64.5,54.8,47.3,55.5,56.4,52.2,55.4,55.4,55.4,60.4,48.8
6,Guyana,F,01/01/2009,16.5,15.4,16.6,3.1,15.4,26.2,15.2,12.0,26.0,18.8,18.4,13.4,12.9,19.6,8.4
6,Guyana,M,01/01/2009,23.0,15.6,18.6,8.6,34.0,26.8,18.0,18.7,30.8,21.6,17.9,21.2,18.5,21.5,13.2
6,Haiti,F,01/01/2016,19.3,14.2,15.1,1.9,22.5,22.4,13.6,15.5,16.4,17.9,16.1,17.0,17.6,19.4,13.4
6,Haiti,M,01/01/2016,14.1,9.1,7.3,3.5,10.7,15.3,9.9,9.8,10.9,13.6,8.4,12.4,13.7,10.5,11.3
6,Honduras,F,01/01/2011,13.2,11.1,12.5,1.3,23.6,17.5,6.7,11.2,17.8,13.1,12.6,11.5,13.2,16.7,8.6
6,Honduras,M,01/01/2011,13.6,7.8,6.9,1.2,14.6,12.3,7.3,9.7,14.9,6.4,6.6,13.4,15.4,11.9,7.8
6,India,F,01/01/2015,41.6,44.7,47.7,33.8,51.6,48.4,42.9,50.9,52.4,41.8,46.5,38.4,47.4,47.4,39.8
6,India,M,01/01/2015,33.7,31.3,30.6,25.4,39.3,35.8,31.6,31.7,39.1,29.8,30.8,33.5,36.3,34.1,28.4
6,Indonesia,F,01/01/2012,42.2,34.5,28.9,25.5,26.6,35.5,36.5,31.9,37.8,36.3,33.5,38.5,30.9,39.6,29.8
6,Indonesia,M,01/01/2012,24.8,20.1,16.7,12.0,19.7,20.4,18.3,18.0,22.3,6.4,18.3,,,20.7,16.0
6,Jordan,F,01/01/2017,15.7,14.6,13.4,9.1,28.1,26.2,15.3,,10.5,14.7,14.4,,10.8,17.1,13.8
6,Jordan,M,01/01/2017,33.1,31.8,25.1,27.2,36.3,22.8,32.6,,28.3,32.7,26.2,33.0,34.3,44.3,28.5
6,Kenya,F,01/01/2014,42.0,39.8,44.0,14.9,59.1,49.0,35.8,38.6,53.7,42.0,43.6,38.2,41.5,49.1,31.0
6,Kenya,M,01/01/2014,38.6,36.2,33.6,23.1,60.4,40.5,34.1,35.8,45.6,33.1,35.6,37.0,38.9,37.0,35.6
6,Kyrgyz Republic,F,01/01/2012,27.9,38.0,36.8,25.6,,53.4,39.8,26.3,40.9,36.5,40.7,20.5,23.8,40.7,22.1
6,Kyrgyz Republic,M,01/01/2012,47.4,56.2,48.3,50.9,,,50.0,54.1,28.3,45.0,49.9,49.9,62.1,51.5,48.0
6,Lesotho,F,01/01/2014,41.3,27.8,27.3,5.4,41.7,44.7,29.4,25.1,39.2,38.6,32.1,37.3,28.0,39.4,22.8
6,Lesotho,M,01/01/2014,46.2,35.8,31.5,17.1,52.5,47.4,32.7,32.8,46.9,46.2,34.4,43.6,33.7,43.7,31.8
6,Liberia,F,01/01/2013,44.3,41.8,40.8,18.5,45.8,47.8,37.0,39.7,46.4,43.4,43.5,41.6,39.5,48.5,38.6
6,Liberia,M,01/01/2013,28.1,25.9,17.8,11.1,28.0,30.0,22.3,23.2,32.5,21.3,21.1,28.0,26.5,29.5,20.5
6,Madagascar,F,01/01/2008,34.7,31.6,29.9,20.0,29.0,32.4,35.3,29.5,35.9,33.0,32.3,33.6,30.7,31.3,36.9
6,Madagascar,M,01/01/2008,33.9,29.7,25.5,16.8,30.5,30.8,30.0,26.0,35.0,33.8,28.8,32.7,30.6,29.7,31.7
6,Malawi,F,01/01/2015,18.6,14.6,14.7,4.0,18.2,18.1,12.2,15.7,16.5,16.6,16.0,17.9,15.1,17.6,10.5
6,Malawi,M,01/01/2015,19.6,8.8,6.4,4.5,9.6,16.2,8.9,10.6,14.9,18.5,8.2,20.0,10.6,13.9,9.0
6,Maldives,F,01/01/2016,27.3,19.4,20.0,18.1,19.4,22.5,23.5,23.2,27.6,20.8,20.7,26.7,19.7,21.1,23.0
6,Maldives,M,01/01/2016,24.9,15.9,12.2,9.6,10.9,16.5,21.2,16.8,15.3,24.7,13.0,24.7,20.7,18.5,16.8
6,Mali,F,01/01/2018,76.5,81.4,81.0,55.6,82.0,80.5,72.5,81.5,83.3,75.8,82.1,67.4,69.7,81.2,74.4
6,Mali,M,01/01/2018,50.9,44.9,44.7,16.6,50.4,51.4,44.8,43.1,54.7,36.4,45.5,49.5,36.2,52.8,31.1
6,Moldova,F,01/01/2005,21.4,20.3,20.6,7.0,,39.8,24.3,18.0,28.7,22.7,21.4,19.6,19.5,26.1,13.8
6,Moldova,M,01/01/2005,24.3,18.5,23.7,9.6,,,25.3,21.8,33.4,22.5,19.8,25.2,43.6,27.5,16.4
6,Morocco,F,01/01/2003,63.6,63.0,65.0,20.8,78.5,65.9,42.0,50.3,86.1,65.5,68.3,58.2,64.9,81.9,52.1
6,Mozambique,F,01/01/2015,13.3,12.7,13.8,8.6,14.2,14.3,9.9,15.3,16.2,11.3,13.1,12.3,14.6,14.1,11.7
6,Mozambique,M,01/01/2015,18.6,15.6,14.7,3.9,26.2,17.7,13.2,15.8,18.2,18.0,16.5,16.9,16.2,17.8,14.8
6,Myanmar,F,01/01/2015,53.0,51.6,49.6,33.4,52.1,54.7,51.9,52.1,57.1,47.7,50.7,51.4,54.0,54.1,44.0
6,Myanmar,M,01/01/2015,55.8,49.0,43.9,34.9,42.6,48.2,53.5,48.4,53.4,52.3,44.8,55.4,61.3,48.8,49.5
6,Namibia,F,01/01/2013,27.7,29.1,28.0,9.8,43.5,40.2,26.4,23.5,38.5,31.2,30.1,26.3,36.5,37.0,21.5
6,Namibia,M,01/01/2013,26.7,18.5,18.0,12.8,21.6,29.5,20.4,20.3,35.9,23.8,14.5,25.0,23.0,28.3,17.1
6,Nepal,F,01/01/2016,30.3,28.2,26.8,17.4,29.8,32.8,30.1,28.4,27.8,29.6,28.2,29.6,31.1,30.5,27.4
6,Nepal,M,01/01/2016,27.8,19.5,20.1,10.8,28.2,29.6,24.7,20.9,29.3,24.9,20.4,27.6,38.8,22.7,23.1
6,Nicaragua,F,01/01/2001,10.3,14.5,13.9,2.7,22.6,16.7,6.7,12.5,13.9,12.5,16.8,0.0,17.3,18.1,9.3
6,Niger,F,01/01/2012,57.5,61.0,60.2,17.6,60.1,63.2,51.8,62.0,62.7,58.6,61.0,46.1,54.0,62.1,48.6
6,Niger,M,01/01/2012,36.7,25.0,19.9,8.0,24.8,34.4,27.5,23.3,30.4,30.8,22.0,36.4,28.4,27.5,25.0
6,Nigeria,F,01/01/2013,35.3,35.1,33.7,16.9,41.6,38.5,30.2,33.6,50.2,34.2,36.8,28.7,34.4,41.2,25.9
6,Nigeria,M,01/01/2013,27.3,24.7,21.6,13.8,27.9,28.5,25.1,24.3,36.8,20.9,23.2,26.0,32.4,28.7,19.4
6,Pakistan,F,01/01/2017,45.1,40.5,39.6,16.4,55.0,39.5,25.5,45.4,62.6,39.4,41.2,,37.7,49.9,25.9
6,Pakistan,M,01/01/2017,46.9,37.8,35.4,17.4,54.3,41.2,33.9,37.8,41.6,22.0,37.4,,42.1,46.2,24.5
6,Peru,F,01/01/2012,4.0,2.7,3.7,1.8,6.8,6.1,3.1,3.2,6.9,2.8,3.5,3.4,3.8,6.2,2.6
6,Philippines,F,01/01/2017,11.6,10.7,10.4,7.5,17.5,16.5,11.8,9.4,15.0,11.4,11.0,10.5,12.7,13.2,8.5
6,Rwanda,F,01/01/2014,43.9,40.0,39.6,11.3,46.1,43.8,35.0,40.4,46.1,35.6,39.8,42.9,43.8,45.8,23.1
6,Rwanda,M,01/01/2014,22.8,15.5,12.9,5.2,21.1,18.4,17.5,17.2,19.1,20.1,14.8,21.0,19.1,19.1,13.0
6,Sao Tome and Principe,F,01/01/2008,20.6,20.2,17.2,,27.5,21.7,14.7,19.3,35.8,18.7,19.2,21.1,18.1,19.8,19.3
6,Sao Tome and Principe,M,01/01/2008,23.8,21.8,18.2,13.4,21.4,26.3,16.0,21.8,25.0,19.9,20.2,23.2,21.5,26.3,16.8
6,Senegal,F,01/01/2017,46.3,45.3,45.3,9.7,59.0,39.5,34.0,42.7,55.8,45.7,50.9,36.4,34.5,59.7,31.6
6,Senegal,M,01/01/2017,36.8,22.3,18.5,7.8,33.2,27.6,26.7,22.2,41.1,22.2,22.0,31.3,24.7,37.6,19.0
6,Sierra Leone,F,01/01/2013,58.8,66.0,64.8,32.3,69.3,59.4,54.6,61.2,70.9,51.3,67.9,51.4,60.8,66.6,55.9
6,Sierra Leone,M,01/01/2013,34.4,35.9,32.6,20.0,39.0,34.1,31.6,34.7,37.5,27.2,34.6,33.4,38.0,37.7,28.5
6,South Africa,F,01/01/2016,6.4,5.1,5.1,1.1,6.8,9.9,5.6,5.0,8.8,5.8,5.2,5.6,6.8,8.2,4.2
6,South Africa,M,01/01/2016,13.5,7.5,5.7,5.8,10.6,11.0,9.4,7.2,,11.4,4.7,11.4,8.8,14.9,6.6
6,Tajikistan,F,01/01/2017,55.7,69.7,66.5,51.7,66.0,67.7,66.0,58.3,63.6,65.1,70.1,43.4,59.5,66.4,55.1
6,Tanzania,F,01/01/2015,59.4,55.9,58.3,10.4,65.0,62.2,44.7,53.3,68.3,54.0,60.2,52.9,57.8,62.1,50.8
6,Tanzania,M,01/01/2015,47.8,34.1,33.0,12.5,38.9,42.6,35.3,37.6,51.0,40.7,33.5,45.7,50.3,40.9,37.3
6,Timor-Leste,F,01/01/2016,72.1,76.8,73.8,74.6,77.1,74.0,72.6,76.1,85.2,70.2,76.5,69.9,73.5,75.2,71.5
6,Timor-Leste,M,01/01/2016,51.2,55.3,53.2,65.3,47.2,51.5,52.5,64.6,45.3,47.2,56.0,49.9,55.8,45.5,67.5
6,Togo,F,01/01/2013,26.8,29.6,30.0,8.8,38.4,27.5,22.4,29.1,33.9,24.9,31.4,22.3,28.3,35.6,20.5
6,Togo,M,01/01/2013,19.6,18.2,16.2,6.3,28.5,22.6,15.6,16.2,29.9,13.9,17.6,18.4,22.7,23.4,11.6
6,Turkey,F,01/01/2013,10.8,11.6,16.4,3.7,37.0,17.8,9.6,,,13.2,15.0,8.9,14.7,23.6,10.7
6,Turkmenistan,F,01/01/2000,46.2,55.4,55.2,30.3,61.3,56.8,53.2,48.9,72.6,54.3,57.4,41.4,49.1,57.0,45.6
6,Uganda,F,01/01/2016,53.4,45.4,45.8,21.7,55.2,54.4,42.9,46.2,59.8,46.8,48.9,49.7,48.0,52.4,39.6
6,Uganda,M,01/01/2016,48.7,35.2,32.5,20.2,36.5,47.5,36.4,40.1,39.6,49.8,35.1,46.5,48.2,43.0,32.9
6,Ukraine,F,01/01/2007,2.5,3.4,4.3,2.7,,,4.9,3.6,6.4,3.3,4.1,2.3,3.3,5.1,3.0
6,Ukraine,M,01/01/2007,8.3,14.0,11.1,7.9,,,14.2,11.2,12.0,10.5,8.9,11.5,22.0,13.9,10.0
6,Yemen,F,01/01/2013,47.4,48.3,51.8,22.9,57.6,48.4,35.4,39.4,61.6,48.7,50.4,45.9,47.6,54.5,37.4
6,Zambia,F,01/01/2013,48.2,45.7,46.2,15.0,54.1,54.6,40.3,45.9,63.7,41.0,48.7,42.5,47.7,57.1,34.9
6,Zambia,M,01/01/2013,37.2,29.7,25.8,9.1,29.9,38.8,29.7,29.7,40.1,30.1,28.6,35.3,32.6,37.6,25.0
6,Zimbabwe,F,01/01/2015,48.6,34.9,29.4,10.0,55.2,48.9,37.6,34.5,39.0,42.8,37.4,44.6,33.2,44.9,28.8
6,Zimbabwe,M,01/01/2015,44.5,27.4,20.7,13.7,45.4,40.1,33.3,29.0,40.3,38.5,24.6,42.4,28.8,37.2,25.0
